Filename,Label,x1,y1,x2,y2,Object Conf,Class Conf
cjp809r377z4008093lbjeupi.jpg,mobility scooter,527.6744384765625,365.4973449707031,1015.4682006835938,659.6738586425781,0.9941537976264954,0.9968963861465454
cjp81iqn7rrjt09809fg7f60r.jpg,skateboard,317.298828125,276.53155517578125,329.1598844528198,280.9031744003296,0.10106556862592697,0.9965142607688904
cjp81iqn7rrjt09809fg7f60r.jpg,skateboard,320.2965087890625,270.3219909667969,331.80323219299316,281.55062770843506,0.09436562657356262,0.7776134610176086
cjp81iqn7rrjt09809fg7f60r.jpg,skateboard,334.44232177734375,266.89300537109375,341.8918037414551,276.30594062805176,0.027607228606939316,0.8973965644836426
cjp81iqn7rrjt09809fg7f60r.jpg,bicycle,205.0667724609375,272.009033203125,245.51866912841797,299.02361488342285,0.8802425861358643,0.9969393014907837
cjp81iqn7rrjt09809fg7f60r.jpg,bicycle,211.6456756591797,266.9562683105469,239.51395416259766,301.66907501220703,0.3512837886810303,0.9963288903236389
cjp81iqn7rrjt09809fg7f60r.jpg,bicycle,623.5396728515625,229.48428344726562,640.2689399719238,284.9002151489258,0.19078002870082855,0.9948137998580933
cjp81iqn7rrjt09809fg7f60r.jpg,bicycle,-0.7829064726829529,195.03646850585938,13.671567976474762,248.13921356201172,0.1299026906490326,0.9829438328742981
cjp81iqn7rrjt09809fg7f60r.jpg,bicycle,3.9707257747650146,249.54147338867188,13.834012746810913,269.62452697753906,0.10093529522418976,0.9855548143386841
cjp81iqn7rrjt09809fg7f60r.jpg,bicycle,-2.4629690647125244,196.76568603515625,10.532807111740112,225.9303970336914,0.09122563153505325,0.988781750202179
cjp81iqn7rrjt09809fg7f60r.jpg,bicycle,612.4046630859375,212.4168243408203,639.5710372924805,295.28770446777344,0.08474341034889221,0.9538214802742004
cjp81iqn7rrjt09809fg7f60r.jpg,bicycle,0.4787885546684265,245.31922912597656,17.345691859722137,295.77884674072266,0.06588612496852875,0.9890422224998474
cjp81iqn7rrjt09809fg7f60r.jpg,bicycle,8.582746505737305,249.90316772460938,18.594053268432617,267.9443607330322,0.0640583410859108,0.9889905452728271
cjp81iqn7rrjt09809fg7f60r.jpg,bicycle,-0.2836495339870453,206.06695556640625,11.742637544870377,237.46160697937012,0.057861581444740295,0.9827285408973694
cjp81iqn7rrjt09809fg7f60r.jpg,bicycle,629.669677734375,237.9285430908203,639.8821744918823,277.52646255493164,0.050299372524023056,0.9925988912582397
cjp81iqn7rrjt09809fg7f60r.jpg,bicycle,-0.26116737723350525,237.7195587158203,18.06872382760048,281.3228874206543,0.04946157708764076,0.9800704121589661
cjp81iqn7rrjt09809fg7f60r.jpg,bicycle,0.6295725107192993,224.58477783203125,10.846442818641663,241.24004936218262,0.0449177511036396,0.9393233060836792
cjp81iqn7rrjt09809fg7f60r.jpg,bicycle,0.8260613679885864,254.58763122558594,12.858556866645813,283.563928604126,0.029624557122588158,0.9863211512565613
cjp81iqn7rrjt09809fg7f60r.jpg,bicycle,-3.7078330516815186,278.9640808105469,42.66760182380676,308.83081245422363,0.026820698752999306,0.9971203804016113
cjp81iqn7rrjt09809fg7f60r.jpg,bicycle,9.288602828979492,249.34283447265625,56.540117263793945,310.39813232421875,0.024674568325281143,0.9947435855865479
cjp81iqn7rrjt09809fg7f60r.jpg,bicycle,0.31358134746551514,260.79583740234375,14.199642062187195,324.663516998291,0.0181141160428524,0.9890710115432739
cjp81iqn7rrjt09809fg7f60r.jpg,bicycle,3.1204323768615723,240.41017150878906,10.530029773712158,252.63523197174072,0.014352266676723957,0.9153306484222412
cjp81iqn7rrjt09809fg7f60r.jpg,bicycle,610.8045654296875,233.29481506347656,641.9518394470215,281.1816825866699,0.014046155847609043,0.9949641227722168
cjp81iqn7rrjt09809fg7f60r.jpg,bicycle,0.33951979875564575,218.14031982421875,13.64909964799881,275.36246490478516,0.011557196266949177,0.9494425654411316
cjp81iqn7rrjt09809fg7f60r.jpg,bicycle,1.5392993688583374,240.05050659179688,35.62543523311615,312.16431427001953,0.010207117535173893,0.9916457533836365
cjp81iqn7rrjt09809fg7f60r.jpg,bicycle,632.18701171875,226.12393188476562,639.25,272.07687759399414,0.010143253020942211,0.9829035401344299
cjp81iqn7rrjt09809fg7f60r.jpg,bicycle,2.1458582878112793,257.7204895019531,28.12941884994507,309.68640899658203,0.010119114071130753,0.9973777532577515
cjpb7a85td1nd08966hvp4bz9.jpg,skateboard,462.953857421875,200.50189208984375,479.1348419189453,204.6837863922119,0.19518394768238068,0.9977357387542725
cjpb7a85td1nd08966hvp4bz9.jpg,skateboard,54.617652893066406,320.0351257324219,173.14704132080078,389.6572723388672,0.019123028963804245,0.9806120991706848
cjpb7a85td1nd08966hvp4bz9.jpg,scooter,350.7073974609375,234.62933349609375,403.0617866516113,301.78397369384766,0.8130092024803162,0.9824035167694092
cjpb7a85td1nd08966hvp4bz9.jpg,scooter,355.965087890625,246.35691833496094,400.8356018066406,289.7840881347656,0.2607157230377197,0.9851049780845642
cjpb7a85td1nd08966hvp4bz9.jpg,scooter,372.4002380371094,228.2375946044922,398.5423946380615,307.9452819824219,0.03212819993495941,0.9992300271987915
cjpb7a85td1nd08966hvp4bz9.jpg,bicycle,5.907191276550293,208.7057342529297,55.302958488464355,275.38391876220703,0.8350599408149719,0.9954938888549805
cjpb7a85td1nd08966hvp4bz9.jpg,bicycle,15.779443740844727,219.50535583496094,61.55999183654785,263.2253074645996,0.04753253236413002,0.9982596039772034
cjpb7a85td1nd08966hvp4bz9.jpg,bicycle,22.909467697143555,211.80970764160156,55.018056869506836,267.9447784423828,0.037618380039930344,0.9968085885047913
cjpb7a85td1nd08966hvp4bz9.jpg,bicycle,74.40682220458984,196.93463134765625,109.8879623413086,217.76095390319824,0.019516807049512863,0.9596874713897705
cjpb7a85td1nd08966hvp4bz9.jpg,bicycle,77.98043823242188,193.8406524658203,105.161865234375,223.17363166809082,0.018945567309856415,0.9756254553794861
cjpb7moqod4ut0896hi544vur.jpg,scooter,301.450439453125,248.67977905273438,352.1402816772461,312.83834075927734,0.6562153100967407,0.9292922616004944
cjpb7moqod4ut0896hi544vur.jpg,scooter,321.3276672363281,254.33924865722656,350.27246475219727,318.5442199707031,0.06330002099275589,0.8576666116714478
cjpb7moqod4ut0896hi544vur.jpg,scooter,311.6773681640625,262.48779296875,358.6889953613281,310.73181533813477,0.034530531615018845,0.7344425916671753
cjpb7moqod4ut0896hi544vur.jpg,mobility scooter,618.368408203125,179.1411895751953,639.6430110931396,336.2743682861328,0.03725086897611618,0.5810374617576599
cjpb7moqod4ut0896hi544vur.jpg,bicycle,534.6326904296875,151.90476989746094,556.3907852172852,195.34837341308594,0.4601932466030121,0.7651329040527344
cjpb7moqod4ut0896hi544vur.jpg,bicycle,154.06256103515625,215.8173370361328,185.38432502746582,278.4242858886719,0.2177722007036209,0.9982067346572876
cjpb7moqod4ut0896hi544vur.jpg,bicycle,614.925048828125,243.004638671875,640.270414352417,364.2021179199219,0.1430526226758957,0.9692173600196838
cjpb7moqod4ut0896hi544vur.jpg,bicycle,627.63525390625,212.8026885986328,639.5763607025146,304.64393615722656,0.06584528833627701,0.6156678199768066
cjpb7moqod4ut0896hi544vur.jpg,bicycle,147.90635681152344,225.00489807128906,191.0474624633789,270.73098373413086,0.05085204541683197,0.9978792667388916
cjpb7moqod4ut0896hi544vur.jpg,bicycle,626.8323364257812,240.97332763671875,638.9873466491699,320.93619537353516,0.030002424493432045,0.7185410261154175
cjpb7moqod4ut0896hi544vur.jpg,bicycle,625.9961547851562,257.4879455566406,639.6400480270386,358.4035186767578,0.017176758497953415,0.9230954051017761
cjpb7moqod4ut0896hi544vur.jpg,bicycle,529.730712890625,159.06991577148438,562.1650772094727,189.19593048095703,0.01539656613022089,0.7953118085861206
cjpb7moqod4ut0896hi544vur.jpg,bicycle,629.3021240234375,192.57371520996094,640.1079769134521,276.44451904296875,0.013868954963982105,0.8399845361709595
cjpb7moqod4ut0896hi544vur.jpg,bicycle,634.0682983398438,221.22926330566406,638.5422697067261,270.5007858276367,0.013793113641440868,0.6935893893241882
cjpb7moqod4ut0896hi544vur.jpg,bicycle,634.2642822265625,235.46133422851562,638.7780666351318,307.7454605102539,0.010071985423564911,0.6390038132667542
cjpb9qw5x9ixy09982j6fyvi9.jpg,mobility scooter,105.56204223632812,464.1856689453125,194.64318084716797,539.7378005981445,0.024554045870900154,0.8101204037666321
cjpbaa6y99p9i0998w00n29ac.jpg,bicycle,475.86737060546875,422.7803955078125,792.2112731933594,1016.4988403320312,0.09442298859357834,0.9412316083908081
cjpbaa6y99p9i0998w00n29ac.jpg,mobility scooter,488.38055419921875,328.64111328125,849.5032958984375,1032.9616088867188,0.012590336613357067,0.6404951214790344
cjpbaa6y99p9i0998w00n29ac.jpg,wheelchair,31.402755737304688,275.69671630859375,407.12181091308594,739.9996948242188,0.9720655679702759,0.999438464641571
cjpbaa6y99p9i0998w00n29ac.jpg,wheelchair,338.5706787109375,195.71080017089844,739.3302612304688,686.5435943603516,0.0118445735424757,0.8460209965705872
cjpbbjxd89y3v0998kuceaxk1.jpg,skateboard,20.968576431274414,364.39404296875,164.16131019592285,668.4429016113281,0.012654131278395653,0.9957220554351807
cjpbbjxd89y3v0998kuceaxk1.jpg,wheelchair,259.8377380371094,336.70013427734375,392.1095428466797,438.31288146972656,0.6012029051780701,0.9961426854133606
cjpbbjxd89y3v0998kuceaxk1.jpg,wheelchair,461.6478576660156,304.2952880859375,542.7534790039062,418.80069732666016,0.025122156366705894,0.9727169871330261
cjpbbjxd89y3v0998kuceaxk1.jpg,wheelchair,278.93646240234375,322.828857421875,371.911376953125,454.754638671875,0.020873691886663437,0.9844444990158081
cjpbbjxd89y3v0998kuceaxk1.jpg,wheelchair,462.4818115234375,305.4750061035156,596.0237274169922,427.9553985595703,0.015804864466190338,0.9809276461601257
cjpbbjxd89y3v0998kuceaxk1.jpg,mobility scooter,471.7838134765625,250.19027709960938,735.6817321777344,453.96002197265625,0.10481280088424683,0.8601799011230469
cjpbbjxd89y3v0998kuceaxk1.jpg,mobility scooter,561.2589721679688,316.844970703125,802.0941619873047,501.6245880126953,0.025724634528160095,0.819982647895813
cjpbc6y8qenor0896kcj1c51q.jpg,skateboard,486.1790466308594,480.1244201660156,544.2935333251953,495.8143997192383,0.43199995160102844,0.9996898174285889
cjpbc6y8qenor0896kcj1c51q.jpg,skateboard,464.0014343261719,475.37579345703125,540.5629043579102,494.54562187194824,0.012613042257726192,0.9989991784095764
cjpbc6y8qenor0896kcj1c51q.jpg,bicycle,552.4092407226562,336.3924560546875,592.1287612915039,369.31613540649414,0.9190518260002136,0.9986251592636108
cjpbc6y8qenor0896kcj1c51q.jpg,bicycle,549.2515869140625,348.126708984375,596.5226631164551,367.1203804016113,0.09137214720249176,0.9769908785820007
cjpbc6y8qenor0896kcj1c51q.jpg,bicycle,308.7066955566406,375.2973327636719,350.62230682373047,445.01808166503906,0.025989791378378868,0.2310660034418106
cjpcgseizfp1p0785vzdhduu7.jpg,skateboard,136.75244140625,404.61407470703125,332.6845245361328,499.0867385864258,0.5951080918312073,0.9999538660049438
cjpcgseizfp1p0785vzdhduu7.jpg,skateboard,148.1544189453125,410.328369140625,395.31224060058594,516.7531661987305,0.06553304940462112,0.9997565150260925
cjpcgseizfp1p0785vzdhduu7.jpg,skateboard,903.7235107421875,340.30987548828125,953.1987533569336,395.3232727050781,0.05919981375336647,0.9818852543830872
cjpcgseizfp1p0785vzdhduu7.jpg,skateboard,904.5975341796875,352.5973815917969,954.983512878418,413.9515151977539,0.04107566177845001,0.9336963295936584
cjpcgseizfp1p0785vzdhduu7.jpg,skateboard,1.8733428716659546,265.4586181640625,42.79584348201752,292.4695587158203,0.035323046147823334,0.998768150806427
cjpcgseizfp1p0785vzdhduu7.jpg,skateboard,1.8163182735443115,275.6865234375,43.62939429283142,295.52381706237793,0.030759641900658607,0.999526858329773
cjpcklmxaj4oo0785ghw4zylt.jpg,wheelchair,498.3072509765625,45.206459045410156,653.350830078125,317.85645294189453,0.06536483764648438,0.8388010859489441
cjpcklmxaj4oo0785ghw4zylt.jpg,mobility scooter,61.32611846923828,81.289794921875,564.3340835571289,804.9673461914062,0.989825427532196,0.998713493347168
cjpcl5y73mf990729t93yvyv0.jpg,wheelchair,455.2047119140625,365.2017517089844,704.5043792724609,603.0855102539062,0.2787729501724243,0.9968888163566589
cjpcl5y73mf990729t93yvyv0.jpg,wheelchair,281.762451171875,315.2199401855469,735.6005554199219,642.5724182128906,0.03980562090873718,0.9602296948432922
cjpcl5y73mf990729t93yvyv0.jpg,mobility scooter,280.0562438964844,310.7641906738281,449.3224792480469,637.461181640625,0.1648005247116089,0.9701278209686279
cjpcl5y73mf990729t93yvyv0.jpg,mobility scooter,224.1559600830078,231.22288513183594,512.4973297119141,634.9656829833984,0.03916499391198158,0.9523754715919495
cjpclu3y3mnf70729csfh8jd4.jpg,scooter,1092.9326171875,1191.6678466796875,1196.5501403808594,1352.23388671875,0.055548202246427536,0.7044056057929993
cjpclu3y3mnf70729csfh8jd4.jpg,scooter,1079.0635986328125,1206.609130859375,1246.6114501953125,1342.7988586425781,0.041418496519327164,0.5122779607772827
cjpclu3y3mnf70729csfh8jd4.jpg,scooter,1485.173095703125,1185.701904296875,1604.0009994506836,1383.5030822753906,0.02224048413336277,0.6535602807998657
cjpclu3y3mnf70729csfh8jd4.jpg,scooter,1101.3758544921875,1227.8765869140625,1185.9072189331055,1328.1321029663086,0.011913142167031765,0.7460251450538635
cjpclu3y3mnf70729csfh8jd4.jpg,bicycle,991.0134887695312,1072.121826171875,1022.2283515930176,1105.7127723693848,0.7236159443855286,0.9996875524520874
cjpclu3y3mnf70729csfh8jd4.jpg,bicycle,936.1594848632812,1069.69482421875,974.4913635253906,1107.3396759033203,0.5338727235794067,0.9970492720603943
cjpclu3y3mnf70729csfh8jd4.jpg,bicycle,1032.468505859375,1070.341064453125,1060.9099502563477,1098.1654224395752,0.5227672457695007,0.999504566192627
cjpclu3y3mnf70729csfh8jd4.jpg,bicycle,324.7759704589844,1183.063720703125,399.2944107055664,1278.1725387573242,0.19800779223442078,0.99909508228302
cjpclu3y3mnf70729csfh8jd4.jpg,bicycle,977.5516967773438,1079.276611328125,1022.4213829040527,1132.551113128662,0.19367386400699615,0.9981649518013
cjpclu3y3mnf70729csfh8jd4.jpg,bicycle,316.3944396972656,1157.3397216796875,413.0681457519531,1289.248306274414,0.1903792917728424,0.9975619316101074
cjpclu3y3mnf70729csfh8jd4.jpg,bicycle,240.5361785888672,1274.023193359375,318.5993957519531,1487.4890747070312,0.1734851896762848,0.9563693404197693
cjpclu3y3mnf70729csfh8jd4.jpg,bicycle,932.7642822265625,1081.936767578125,983.1738662719727,1132.0457725524902,0.15249499678611755,0.9955109357833862
cjpclu3y3mnf70729csfh8jd4.jpg,bicycle,292.35223388671875,1173.84814453125,443.03636169433594,1277.8496704101562,0.08261743932962418,0.9958194494247437
cjpclu3y3mnf70729csfh8jd4.jpg,bicycle,1460.865234375,1218.2901611328125,1643.3894805908203,1360.9320068359375,0.06655203551054001,0.6541863679885864
cjpclu3y3mnf70729csfh8jd4.jpg,bicycle,1199.49755859375,1197.3912353515625,1301.7159042358398,1376.1326904296875,0.024699537083506584,0.9020578861236572
cjpclu3y3mnf70729csfh8jd4.jpg,bicycle,1105.5809326171875,1221.3004150390625,1305.8375091552734,1345.559829711914,0.021946493536233902,0.5984804630279541
cjpclu3y3mnf70729csfh8jd4.jpg,bicycle,920.456298828125,1169.5640869140625,1011.5145950317383,1356.6338653564453,0.015492829494178295,0.4984229505062103
cjpclu3y3mnf70729csfh8jd4.jpg,bicycle,283.0151062011719,1228.316650390625,370.5461654663086,1283.4744720458984,0.013389327563345432,0.9954133629798889
cjpclu3y3mnf70729csfh8jd4.jpg,bicycle,1456.629150390625,1188.04052734375,1576.964988708496,1382.9555969238281,0.01158035360276699,0.9067888259887695
cjpclu3y3mnf70729csfh8jd4.jpg,bicycle,2536.505126953125,1053.8466796875,2551.237555503845,1195.7087860107422,0.01127619668841362,0.7672444581985474
cjpclu3y3mnf70729csfh8jd4.jpg,bicycle,1083.0946044921875,1076.0447998046875,1119.2752151489258,1098.321949005127,0.011158273555338383,0.9987271428108215
cjpclu3y3mnf70729csfh8jd4.jpg,bicycle,320.4539794921875,1220.6004638671875,392.07637786865234,1281.3339920043945,0.010620562359690666,0.9949139356613159
cjpclu3y3mnf70729csfh8jd4.jpg,bicycle,1117.82958984375,1246.1927490234375,1295.7801513671875,1392.1568450927734,0.010600203648209572,0.8990569114685059
cjpcmhx3cmxqe0729nc0hk2li.jpg,mobility scooter,12.893037796020508,44.879764556884766,221.7497730255127,239.40500259399414,0.9986390471458435,0.999975323677063
cjpcmhx3cmxqe0729nc0hk2li.jpg,mobility scooter,228.03628540039062,64.72853088378906,252.1337833404541,103.59016036987305,0.6546586751937866,0.9982590079307556
cjpcmhx3cmxqe0729nc0hk2li.jpg,mobility scooter,224.19833374023438,73.74217987060547,257.46730041503906,103.9570541381836,0.04125285893678665,0.9889975786209106
cjpcn2o3kk18w0785b9fb15ed.jpg,bicycle,328.5603332519531,150.14463806152344,368.2770576477051,179.5115261077881,0.010986595414578915,0.6416559815406799
cjpcn2o3kk18w0785b9fb15ed.jpg,mobility scooter,979.7251586914062,37.05483627319336,1015.0589942932129,375.69607162475586,0.012147564440965652,0.6905001997947693
cjpcn2o3kk18w0785b9fb15ed.jpg,scooter,286.1763916015625,426.0384216308594,609.9762878417969,903.9712829589844,0.014507832936942577,0.988888680934906
cjpcn2o3kk18w0785b9fb15ed.jpg,wheelchair,224.27630615234375,350.2476501464844,997.1195678710938,980.7872009277344,0.5671809911727905,0.9950064420700073
cjpcn2o3kk18w0785b9fb15ed.jpg,wheelchair,972.4832153320312,111.61148071289062,1017.7148895263672,369.5206298828125,0.07778946310281754,0.6430646777153015
cjpcn2o3kk18w0785b9fb15ed.jpg,wheelchair,924.9940185546875,127.37879943847656,1030.5683898925781,341.39935302734375,0.06680423766374588,0.8743089437484741
cjpcn2o3kk18w0785b9fb15ed.jpg,wheelchair,513.22998046875,385.9291076660156,992.3948059082031,923.8335266113281,0.0628601685166359,0.9987754225730896
cjpcn2o3kk18w0785b9fb15ed.jpg,wheelchair,970.4937744140625,237.1314697265625,1024.0438079833984,375.6863708496094,0.062229957431554794,0.9042878150939941
cjpcn2o3kk18w0785b9fb15ed.jpg,wheelchair,997.1009521484375,264.453125,1024.6257419586182,342.57566833496094,0.051474232226610184,0.867207944393158
cjpcn2o3kk18w0785b9fb15ed.jpg,wheelchair,615.408203125,159.91177368164062,658.2112007141113,218.89941787719727,0.021197669208049774,0.9953358769416809
cjpcn2o3kk18w0785b9fb15ed.jpg,wheelchair,956.6167602539062,43.78059387207031,1019.6462097167969,417.51856994628906,0.020791763439774513,0.6827261447906494
cjpcn2o3kk18w0785b9fb15ed.jpg,wheelchair,645.77294921875,281.7432556152344,716.4676666259766,434.6573791503906,0.018838070333003998,0.9989232420921326
cjpcn2o3kk18w0785b9fb15ed.jpg,wheelchair,619.5994873046875,284.9670715332031,689.4295654296875,427.3300476074219,0.018831521272659302,0.9988604784011841
cjpcn2o3kk18w0785b9fb15ed.jpg,wheelchair,606.1450805664062,161.4276123046875,642.5029563903809,218.59513092041016,0.017017919570207596,0.9967312812805176
cjpcn2o3kk18w0785b9fb15ed.jpg,wheelchair,935.8701782226562,193.4992218017578,1024.3557586669922,363.6989288330078,0.016932232305407524,0.9347929954528809
cjpcn2o3kk18w0785b9fb15ed.jpg,wheelchair,972.9896850585938,267.46038818359375,1025.2453956604004,339.2231750488281,0.012974477373063564,0.9595999717712402
cjpcn2o3kk18w0785b9fb15ed.jpg,wheelchair,-0.4958637058734894,214.58436584472656,57.15841791033745,431.59767150878906,0.012183288112282753,0.5578368902206421
cjpcn2o3kk18w0785b9fb15ed.jpg,wheelchair,1003.068115234375,278.493896484375,1025.3664932250977,360.93043518066406,0.011798974126577377,0.732132077217102
cjpcn2o3kk18w0785b9fb15ed.jpg,wheelchair,1001.564208984375,543.2395629882812,1024.052640914917,657.7870330810547,0.011657795868813992,0.9967018961906433
cjpcndqgqnbwj0729udqzohpo.jpg,wheelchair,-64.39018249511719,2001.0030517578125,1189.4397735595703,2646.7860717773438,0.014779810793697834,0.9556096196174622
cjpcndqgqnbwj0729udqzohpo.jpg,mobility scooter,2177.13427734375,1519.26513671875,4753.41455078125,3630.77001953125,0.6666696667671204,0.9547024965286255
cjpcnmj9cnfyx0729wgntwdye.jpg,wheelchair,2676.75244140625,2207.9091796875,3900.960693359375,3169.5677490234375,0.995613694190979,0.9999727010726929
cjpcnmj9cnfyx0729wgntwdye.jpg,wheelchair,817.0892944335938,2230.45556640625,2257.3898315429688,3220.662841796875,0.9362761378288269,0.999962329864502
cjpcnmj9cnfyx0729wgntwdye.jpg,wheelchair,2068.261474609375,2154.53076171875,3059.0437622070312,3052.9954223632812,0.43603307008743286,0.9991042017936707
cjpcnmj9cnfyx0729wgntwdye.jpg,wheelchair,4339.666015625,2191.0283203125,4474.42756652832,2454.3602294921875,0.2570239007472992,0.9773343205451965
cjpcnmj9cnfyx0729wgntwdye.jpg,wheelchair,701.3401489257812,2120.785400390625,1518.809326171875,3426.7646484375,0.12368083000183105,0.9996548891067505
cjpcnmj9cnfyx0729wgntwdye.jpg,wheelchair,4281.74267578125,2204.11865234375,4463.933395385742,2426.3843383789062,0.07353761047124863,0.9958779811859131
cjpcnmj9cnfyx0729wgntwdye.jpg,wheelchair,655.0856323242188,2052.704345703125,1274.48291015625,3261.480712890625,0.06212710961699486,0.9993607401847839
cjpcnmj9cnfyx0729wgntwdye.jpg,wheelchair,4390.7138671875,2190.096923828125,4460.997695922852,2472.9368591308594,0.05288822948932648,0.9845606088638306
cjpcnmj9cnfyx0729wgntwdye.jpg,wheelchair,661.6972045898438,2265.387451171875,973.5361022949219,3319.380615234375,0.02887360006570816,0.9973255395889282
cjpcnmj9cnfyx0729wgntwdye.jpg,wheelchair,552.0103149414062,2210.384765625,1383.9027709960938,3090.902587890625,0.0196163821965456,0.9972677230834961
cjpcnmj9cnfyx0729wgntwdye.jpg,wheelchair,24.577760696411133,1985.2196044921875,394.0827045440674,2502.182861328125,0.01714729517698288,0.9942991733551025
cjpcnmj9cnfyx0729wgntwdye.jpg,wheelchair,593.9632568359375,2093.50146484375,1063.9851989746094,3245.8372802734375,0.01124164555221796,0.9959049820899963
cjpcnmj9cnfyx0729wgntwdye.jpg,wheelchair,4393.88720703125,2289.396484375,4461.665000915527,2495.8443756103516,0.01123649999499321,0.9878638386726379
cjpcnmj9cnfyx0729wgntwdye.jpg,wheelchair,1995.909423828125,2066.08837890625,2621.1165771484375,3221.4923095703125,0.01104791834950447,0.9986951947212219
cjpcnmj9cnfyx0729wgntwdye.jpg,wheelchair,10.8930025100708,1931.179931640625,257.53205585479736,2569.0828247070312,0.010484132915735245,0.9910795092582703
cjpcnmj9cnfyx0729wgntwdye.jpg,wheelchair,4363.96923828125,2261.246337890625,4474.3503494262695,2525.369842529297,0.010470281355082989,0.9808077216148376
cjpcnrscbni7k072947zft179.jpg,skateboard,527.984375,256.5075988769531,573.0718002319336,288.9506492614746,0.6841447949409485,0.997043788433075
cjpcnrscbni7k072947zft179.jpg,skateboard,323.67340087890625,211.43685913085938,351.65229415893555,219.81003761291504,0.15789513289928436,0.9925343990325928
cjpcnrscbni7k072947zft179.jpg,skateboard,326.1248779296875,208.06674194335938,357.4100456237793,216.86495971679688,0.043044716119766235,0.9958115816116333
cjpcnrscbni7k072947zft179.jpg,skateboard,337.26983642578125,208.838623046875,354.31263732910156,213.93581008911133,0.026991941034793854,0.9861196279525757
cjpco9sickexr0785016kka2e.jpg,bicycle,137.62149047851562,102.5371322631836,386.0201721191406,243.0891342163086,0.7859583497047424,0.9875409007072449
cjpco9sickexr0785016kka2e.jpg,bicycle,629.2127075195312,389.7826232910156,640.5522880554199,487.3215026855469,0.04326251894235611,0.8829137086868286
cjpco9sickexr0785016kka2e.jpg,bicycle,629.6483154296875,352.30694580078125,639.9120817184448,451.8178253173828,0.0259908027946949,0.8487655520439148
cjpco9sickexr0785016kka2e.jpg,bicycle,611.4932861328125,319.9981384277344,638.7665195465088,472.98858642578125,0.019689539447426796,0.953456461429596
cjpco9sickexr0785016kka2e.jpg,bicycle,618.0621948242188,331.8254699707031,641.0025863647461,509.1726989746094,0.016232069581747055,0.9218987226486206
cjpcoqv6snxxt0729wu82nec4.jpg,wheelchair,8.69356632232666,281.6207580566406,765.1314325332642,649.4263916015625,0.29288342595100403,0.9995993971824646
cjpcoqv6snxxt0729wu82nec4.jpg,wheelchair,475.18267822265625,264.2139892578125,931.0134582519531,633.9301147460938,0.032116614282131195,0.9989266991615295
cjpcoqv6snxxt0729wu82nec4.jpg,wheelchair,-28.79956817626953,163.289306640625,951.3815231323242,651.8695068359375,0.03179921209812164,0.994745135307312
cjpe7hczxnvqm0729579sq55m.jpg,skateboard,629.1207275390625,238.86781311035156,640.3086605072021,249.31703186035156,0.046823736280202866,0.9500875473022461
cjpe7hczxnvqm0729579sq55m.jpg,skateboard,138.5216064453125,215.0270233154297,162.4897861480713,226.1036834716797,0.043992333114147186,0.9023539423942566
cjpe7hczxnvqm0729579sq55m.jpg,skateboard,133.4941864013672,217.65843200683594,157.96411895751953,227.8075466156006,0.02160334587097168,0.954058051109314
cjpe7hczxnvqm0729579sq55m.jpg,skateboard,630.7078857421875,247.61672973632812,639.5326309204102,263.8208122253418,0.019762152805924416,0.9728990197181702
cjpe7hczxnvqm0729579sq55m.jpg,skateboard,630.3291015625,220.4659423828125,641.5769424438477,250.40936660766602,0.018606968224048615,0.34177231788635254
cjpe7hczxnvqm0729579sq55m.jpg,bicycle,624.9351806640625,188.69309997558594,640.3784847259521,251.84791564941406,0.10680948942899704,0.9259596467018127
cjpe7hczxnvqm0729579sq55m.jpg,bicycle,139.52699279785156,186.31369018554688,161.4510326385498,235.93189239501953,0.03203323855996132,0.9277687072753906
cjpe7hczxnvqm0729579sq55m.jpg,bicycle,630.3850708007812,188.50619506835938,638.1866788864136,234.52008438110352,0.03004959411919117,0.9792921543121338
cjpe8nig1ha5d0785cjfw193y.jpg,wheelchair,3939.01220703125,2681.22607421875,4688.726806640625,3307.0812377929688,0.9820384979248047,0.9996864795684814
cjpe8nig1ha5d0785cjfw193y.jpg,wheelchair,84.84259796142578,2673.878173828125,787.3955764770508,3164.155303955078,0.9386803507804871,0.9987848401069641
cjpe8nig1ha5d0785cjfw193y.jpg,wheelchair,2672.39599609375,2843.2177734375,3495.0923461914062,3478.9514770507812,0.9385038018226624,0.9996628761291504
cjpe8nig1ha5d0785cjfw193y.jpg,wheelchair,1308.2564697265625,2676.08544921875,1914.7945556640625,3199.0570068359375,0.9060244560241699,0.999652624130249
cjpe8nig1ha5d0785cjfw193y.jpg,wheelchair,3465.357177734375,2561.60986328125,3979.9744262695312,2897.18505859375,0.8177526593208313,0.9992595314979553
cjpe8nig1ha5d0785cjfw193y.jpg,wheelchair,2272.8720703125,2560.705810546875,2689.3866271972656,2886.9007568359375,0.4934186339378357,0.9998646974563599
cjpe8nig1ha5d0785cjfw193y.jpg,wheelchair,3896.979736328125,2150.67626953125,4096.830154418945,2404.2857818603516,0.4182190001010895,0.9991300702095032
cjpe8nig1ha5d0785cjfw193y.jpg,wheelchair,1791.2105712890625,2833.380859375,2458.4869384765625,3345.204345703125,0.3817887306213379,0.9985951781272888
cjpe8nig1ha5d0785cjfw193y.jpg,wheelchair,203.61398315429688,2260.438720703125,310.45157623291016,2483.6524810791016,0.37870851159095764,0.9991262555122375
cjpe8nig1ha5d0785cjfw193y.jpg,wheelchair,35.28833770751953,2268.92333984375,229.86002349853516,2490.8697509765625,0.36286216974258423,0.9975687861442566
cjpe8nig1ha5d0785cjfw193y.jpg,wheelchair,715.3031616210938,2240.10009765625,853.4308929443359,2379.3399047851562,0.3549428880214691,0.9968889355659485
cjpe8nig1ha5d0785cjfw193y.jpg,wheelchair,707.8411254882812,2285.277587890625,844.6112518310547,2394.772285461426,0.35142749547958374,0.998688280582428
cjpe8nig1ha5d0785cjfw193y.jpg,wheelchair,1724.5003662109375,2733.212158203125,2343.6578979492188,3282.4558715820312,0.2744951546192169,0.9997091889381409
cjpe8nig1ha5d0785cjfw193y.jpg,wheelchair,3519.099853515625,2189.943115234375,3657.7294921875,2401.7267303466797,0.27343836426734924,0.9993909597396851
cjpe8nig1ha5d0785cjfw193y.jpg,wheelchair,4.321694374084473,2243.8955078125,161.04044437408447,2512.1859741210938,0.21464481949806213,0.9860055446624756
cjpe8nig1ha5d0785cjfw193y.jpg,wheelchair,1244.191162109375,2301.1650390625,1364.6466674804688,2394.1709060668945,0.2068593055009842,0.9989606142044067
cjpe8nig1ha5d0785cjfw193y.jpg,wheelchair,3826.58642578125,2162.934814453125,4025.5925903320312,2388.9447174072266,0.16341039538383484,0.9992108345031738
cjpe8nig1ha5d0785cjfw193y.jpg,wheelchair,3632.88525390625,2159.5673828125,3944.9915771484375,2400.2371978759766,0.13599641621112823,0.9997084736824036
cjpe8nig1ha5d0785cjfw193y.jpg,wheelchair,2320.893310546875,2852.21630859375,2532.3214416503906,3120.427032470703,0.12944036722183228,0.9992914199829102
cjpe8nig1ha5d0785cjfw193y.jpg,wheelchair,3898.407470703125,2058.547607421875,4101.0960693359375,2344.7967834472656,0.12758149206638336,0.9990822076797485
cjpe8nig1ha5d0785cjfw193y.jpg,wheelchair,3604.498046875,2185.1904296875,3750.2315063476562,2395.141159057617,0.12284273654222488,0.9994688630104065
cjpe8nig1ha5d0785cjfw193y.jpg,wheelchair,4317.4755859375,2052.643310546875,4748.706817626953,2281.833786010742,0.1142105907201767,0.9997604489326477
cjpe8nig1ha5d0785cjfw193y.jpg,wheelchair,803.52001953125,2294.930419921875,915.4725036621094,2394.9218826293945,0.113705575466156,0.9989104270935059
cjpe8nig1ha5d0785cjfw193y.jpg,wheelchair,620.66748046875,2285.91943359375,745.1500854492188,2403.8977661132812,0.11146958917379379,0.9984373450279236
cjpe8nig1ha5d0785cjfw193y.jpg,wheelchair,2384.74755859375,2601.990478515625,2770.399444580078,3198.075927734375,0.10365863144397736,0.9977812170982361
cjpe8nig1ha5d0785cjfw193y.jpg,wheelchair,3410.0263671875,2184.859375,3562.4915313720703,2379.9859466552734,0.09824042022228241,0.9994825124740601
cjpe8nig1ha5d0785cjfw193y.jpg,wheelchair,1320.2030029296875,2304.815185546875,1445.125877380371,2400.6679763793945,0.09712252020835876,0.9995099306106567
cjpe8nig1ha5d0785cjfw193y.jpg,wheelchair,2262.1337890625,2642.900146484375,2611.074005126953,3217.22265625,0.08846675604581833,0.9977948665618896
cjpe8nig1ha5d0785cjfw193y.jpg,wheelchair,284.42010498046875,2272.9873046875,410.99837493896484,2450.8325805664062,0.08813553303480148,0.9992690682411194
cjpe8nig1ha5d0785cjfw193y.jpg,wheelchair,3301.196044921875,2190.49462890625,3442.2687377929688,2366.453643798828,0.08769796043634415,0.999574601650238
cjpe8nig1ha5d0785cjfw193y.jpg,wheelchair,982.0807495117188,2296.07275390625,1160.323745727539,2398.559638977051,0.08544614166021347,0.9994070529937744
cjpe8nig1ha5d0785cjfw193y.jpg,wheelchair,809.019775390625,2252.822509765625,905.6962203979492,2364.029884338379,0.07812804728746414,0.9972298741340637
cjpe8nig1ha5d0785cjfw193y.jpg,wheelchair,935.2680053710938,2297.337646484375,1049.1757125854492,2386.740020751953,0.07294316589832306,0.9990718364715576
cjpe8nig1ha5d0785cjfw193y.jpg,wheelchair,3329.79296875,2179.80712890625,3632.4436950683594,2384.0909881591797,0.06881026178598404,0.9992271661758423
cjpe8nig1ha5d0785cjfw193y.jpg,wheelchair,629.2611694335938,2248.41845703125,747.987434387207,2363.4189529418945,0.061920564621686935,0.9969478249549866
cjpe8nig1ha5d0785cjfw193y.jpg,wheelchair,3960.034912109375,2425.93017578125,4668.6348876953125,3483.656005859375,0.059827327728271484,0.9984925985336304
cjpe8nig1ha5d0785cjfw193y.jpg,wheelchair,1894.0758056640625,2654.5390625,2386.4052124023438,3368.2933959960938,0.05702850967645645,0.9988994598388672
cjpe8nig1ha5d0785cjfw193y.jpg,wheelchair,3822.786865234375,2067.3017578125,4016.830764770508,2327.0391540527344,0.05475979298353195,0.9987732768058777
cjpe8nig1ha5d0785cjfw193y.jpg,wheelchair,2663.088134765625,2605.53466796875,3668.7933959960938,3459.4381103515625,0.05252956226468086,0.9987258315086365
cjpe8nig1ha5d0785cjfw193y.jpg,wheelchair,3757.1845703125,2140.70751953125,4044.847686767578,2422.5641174316406,0.04988260194659233,0.9996325969696045
cjpe8nig1ha5d0785cjfw193y.jpg,wheelchair,3976.35693359375,2153.22998046875,4188.841567993164,2408.9671630859375,0.04859684780240059,0.9993477463722229
cjpe8nig1ha5d0785cjfw193y.jpg,wheelchair,2902.220703125,2224.61767578125,3003.3658447265625,2346.589485168457,0.047991640865802765,0.9996013045310974
cjpe8nig1ha5d0785cjfw193y.jpg,wheelchair,3552.689208984375,2180.3994140625,3834.9893188476562,2394.054000854492,0.04692124202847481,0.9995008707046509
cjpe8nig1ha5d0785cjfw193y.jpg,wheelchair,4426.50830078125,2037.9268798828125,4827.070037841797,2273.1825408935547,0.04687769338488579,0.9996117949485779
cjpe8nig1ha5d0785cjfw193y.jpg,wheelchair,492.96453857421875,2231.302490234375,626.6265411376953,2369.441375732422,0.045195918530225754,0.9986491799354553
cjpe8nig1ha5d0785cjfw193y.jpg,wheelchair,1710.1419677734375,2824.72509765625,2157.4783630371094,3169.1751403808594,0.04249269515275955,0.9989802241325378
cjpe8nig1ha5d0785cjfw193y.jpg,wheelchair,481.76629638671875,2271.543212890625,639.4447631835938,2420.220413208008,0.042266085743904114,0.999159574508667
cjpe8nig1ha5d0785cjfw193y.jpg,wheelchair,945.134521484375,2255.807861328125,1054.2346725463867,2362.69327545166,0.04103473946452141,0.9984473586082458
cjpe8nig1ha5d0785cjfw193y.jpg,wheelchair,299.8586730957031,2214.540283203125,416.38269805908203,2375.3998260498047,0.04051639139652252,0.9992092847824097
cjpe8nig1ha5d0785cjfw193y.jpg,wheelchair,3719.125,2175.41162109375,3869.6477661132812,2374.842300415039,0.04008615016937256,0.9996660947799683
cjpe8nig1ha5d0785cjfw193y.jpg,wheelchair,2620.662841796875,2646.525634765625,2951.1849060058594,3303.0368041992188,0.03756549209356308,0.9964025020599365
cjpe8nig1ha5d0785cjfw193y.jpg,wheelchair,3226.5107421875,2201.72998046875,3339.9626083374023,2351.532684326172,0.037116602063179016,0.9994295239448547
cjpe8nig1ha5d0785cjfw193y.jpg,wheelchair,997.9182739257812,2236.925048828125,1126.8233184814453,2377.185256958008,0.03682348132133484,0.999053418636322
cjpe8nig1ha5d0785cjfw193y.jpg,wheelchair,408.0817565917969,2221.62548828125,519.3916778564453,2364.5171966552734,0.03320913389325142,0.9990096092224121
cjpe8nig1ha5d0785cjfw193y.jpg,wheelchair,3545.433349609375,2474.498046875,3983.389923095703,3003.4292602539062,0.032469525933265686,0.9881373047828674
cjpe8nig1ha5d0785cjfw193y.jpg,wheelchair,162.6594696044922,2282.90478515625,343.8774719238281,2472.884002685547,0.031530167907476425,0.997552216053009
cjpe8nig1ha5d0785cjfw193y.jpg,wheelchair,253.11117553710938,2278.529052734375,444.2173767089844,2495.2479705810547,0.03132445365190506,0.9966675639152527
cjpe8nig1ha5d0785cjfw193y.jpg,wheelchair,401.7308654785156,2274.564453125,528.8487396240234,2425.514114379883,0.0313224196434021,0.9988149404525757
cjpe8nig1ha5d0785cjfw193y.jpg,wheelchair,24.593202590942383,2151.1943359375,241.19450569152832,2466.958526611328,0.030905332416296005,0.9967727065086365
cjpe8nig1ha5d0785cjfw193y.jpg,wheelchair,1557.710205078125,2619.677001953125,1947.2334594726562,3319.1514892578125,0.030342362821102142,0.9980666041374207
cjpe8nig1ha5d0785cjfw193y.jpg,wheelchair,2549.189697265625,2665.22119140625,2946.5989990234375,2922.281463623047,0.029460925608873367,0.9996693134307861
cjpe8nig1ha5d0785cjfw193y.jpg,wheelchair,2316.0693359375,2671.773681640625,2860.9375,3090.8666076660156,0.029234629124403,0.9987767338752747
cjpe8nig1ha5d0785cjfw193y.jpg,wheelchair,2967.738525390625,2757.148193359375,3469.1490478515625,3512.8208618164062,0.028645159676671028,0.990994393825531
cjpe8nig1ha5d0785cjfw193y.jpg,wheelchair,3830.633056640625,2243.39404296875,3992.729202270508,2441.361587524414,0.02825520560145378,0.9994864463806152
cjpe8nig1ha5d0785cjfw193y.jpg,wheelchair,1253.987548828125,2258.4443359375,1370.9445114135742,2369.2121353149414,0.02651168964803219,0.998974084854126
cjpe8nig1ha5d0785cjfw193y.jpg,wheelchair,3898.572509765625,2243.2587890625,4103.861282348633,2431.878219604492,0.02599176950752735,0.999416708946228
cjpe8nig1ha5d0785cjfw193y.jpg,wheelchair,4535.7802734375,1939.852294921875,4920.114990234375,2240.2916259765625,0.025991521775722504,0.999477207660675
cjpe8nig1ha5d0785cjfw193y.jpg,wheelchair,2346.748046875,2747.980712890625,2554.92578125,3037.1513671875,0.02556365169584751,0.9995753169059753
cjpe8nig1ha5d0785cjfw193y.jpg,wheelchair,-15.749354362487793,2346.945068359375,124.83392810821533,2560.9719848632812,0.02552780881524086,0.9936960339546204
cjpe8nig1ha5d0785cjfw193y.jpg,wheelchair,4052.602783203125,1872.14306640625,4165.185615539551,2043.3957061767578,0.024661442264914513,0.9982036352157593
cjpe8nig1ha5d0785cjfw193y.jpg,wheelchair,1996.5479736328125,2842.240234375,2505.191650390625,3200.213165283203,0.024609548971056938,0.9996178150177002
cjpe8nig1ha5d0785cjfw193y.jpg,wheelchair,223.6538848876953,2214.3115234375,311.01985931396484,2390.6045989990234,0.024540603160858154,0.9994959831237793
cjpe8nig1ha5d0785cjfw193y.jpg,wheelchair,2263.865234375,2857.41943359375,2481.9492797851562,3148.6959533691406,0.02368413843214512,0.9992316961288452
cjpe8nig1ha5d0785cjfw193y.jpg,wheelchair,276.31390380859375,2355.222412109375,443.5883331298828,2599.7894897460938,0.023377414792776108,0.9990917444229126
cjpe8nig1ha5d0785cjfw193y.jpg,wheelchair,3602.981689453125,2256.759033203125,3741.3471069335938,2418.452896118164,0.023346440866589546,0.9995054006576538
cjpe8nig1ha5d0785cjfw193y.jpg,wheelchair,1709.0574951171875,2828.9462890625,1940.3184814453125,3157.3177185058594,0.023096010088920593,0.9977892637252808
cjpe8nig1ha5d0785cjfw193y.jpg,wheelchair,2651.808837890625,2196.026611328125,2822.0291900634766,2341.098342895508,0.02295677177608013,0.999804675579071
cjpe8nig1ha5d0785cjfw193y.jpg,wheelchair,2621.10791015625,2678.4189453125,3071.418212890625,2907.5392150878906,0.022136811167001724,0.9994858503341675
cjpe8nig1ha5d0785cjfw193y.jpg,wheelchair,1437.7822265625,2363.0146484375,1577.6659240722656,2568.9723052978516,0.02169203571975231,0.9997608065605164
cjpe8nig1ha5d0785cjfw193y.jpg,wheelchair,1454.419189453125,2306.71826171875,1542.3070526123047,2411.2475051879883,0.02157742716372013,0.9997444748878479
cjpe8nig1ha5d0785cjfw193y.jpg,wheelchair,4001.3076171875,2238.51513671875,4207.919860839844,2470.9234771728516,0.021404670551419258,0.9993460774421692
cjpe8nig1ha5d0785cjfw193y.jpg,wheelchair,404.06195068359375,2193.002197265625,742.9576721191406,2388.755599975586,0.021235860884189606,0.9978241920471191
cjpe8nig1ha5d0785cjfw193y.jpg,wheelchair,1358.9569091796875,2740.48681640625,1861.0565490722656,3091.6748962402344,0.020846659317612648,0.999138593673706
cjpe8nig1ha5d0785cjfw193y.jpg,wheelchair,2649.769775390625,2742.10546875,2851.248764038086,3042.6019287109375,0.01871517300605774,0.9991769194602966
cjpe8nig1ha5d0785cjfw193y.jpg,wheelchair,2813.18115234375,2216.5654296875,2912.2712478637695,2346.0179595947266,0.018681665882468224,0.9998061060905457
cjpe8nig1ha5d0785cjfw193y.jpg,wheelchair,3444.839111328125,2182.4775390625,3726.5433349609375,2394.4920501708984,0.018493805080652237,0.9992455244064331
cjpe8nig1ha5d0785cjfw193y.jpg,wheelchair,2273.961669921875,2835.98828125,2601.7911682128906,3142.4230041503906,0.017850343137979507,0.9996597766876221
cjpe8nig1ha5d0785cjfw193y.jpg,wheelchair,44.93938064575195,2338.462646484375,224.52048110961914,2555.6943359375,0.017835529521107674,0.9991831183433533
cjpe8nig1ha5d0785cjfw193y.jpg,wheelchair,2645.866943359375,2661.056396484375,2851.4449157714844,2931.2198181152344,0.017486965283751488,0.9994595646858215
cjpe8nig1ha5d0785cjfw193y.jpg,wheelchair,4541.41357421875,1965.1337890625,4743.611831665039,2199.3278198242188,0.017287559807300568,0.999315619468689
cjpe8nig1ha5d0785cjfw193y.jpg,wheelchair,4067.765869140625,2628.82763671875,4561.038299560547,2972.0216369628906,0.01693807542324066,0.997920572757721
cjpe8nig1ha5d0785cjfw193y.jpg,wheelchair,13.52979850769043,2149.482177734375,58.0891056060791,2437.9125366210938,0.016926359385252,0.9956056475639343
cjpe8nig1ha5d0785cjfw193y.jpg,wheelchair,4345.07373046875,1948.870361328125,4721.4976806640625,2223.6275024414062,0.015114307403564453,0.9996563196182251
cjpe8nig1ha5d0785cjfw193y.jpg,wheelchair,2285.8193359375,2532.647216796875,2656.154296875,3101.0369873046875,0.014780024997889996,0.9987398982048035
cjpe8nig1ha5d0785cjfw193y.jpg,wheelchair,2267.32958984375,2711.086181640625,2651.8396606445312,3047.175567626953,0.014743144623935223,0.9997507929801941
cjpe8nig1ha5d0785cjfw193y.jpg,wheelchair,475.9072265625,2187.919921875,666.2974548339844,2399.0306854248047,0.014702051877975464,0.9956621527671814
cjpe8nig1ha5d0785cjfw193y.jpg,wheelchair,3889.272216796875,1870.2093505859375,4141.939102172852,2462.3104858398438,0.014149698428809643,0.9941478967666626
cjpe8nig1ha5d0785cjfw193y.jpg,wheelchair,3506.041259765625,2252.29052734375,3681.128662109375,2431.8837890625,0.014133897610008717,0.9991005659103394
cjpe8nig1ha5d0785cjfw193y.jpg,wheelchair,2902.1787109375,2284.248779296875,3000.076629638672,2404.105628967285,0.014122220687568188,0.9996052384376526
cjpe8nig1ha5d0785cjfw193y.jpg,wheelchair,1125.723388671875,2308.85205078125,1258.2590789794922,2398.4408950805664,0.013811702840030193,0.9992766976356506
cjpe8nig1ha5d0785cjfw193y.jpg,wheelchair,2344.991455078125,2844.1845703125,2708.57373046875,3123.494140625,0.013086848892271519,0.9997807145118713
cjpe8nig1ha5d0785cjfw193y.jpg,wheelchair,490.6759338378906,2216.16162109375,841.2246704101562,2372.8202056884766,0.012919099070131779,0.9977713823318481
cjpe8nig1ha5d0785cjfw193y.jpg,wheelchair,2565.012451171875,2756.986572265625,2747.183059692383,3013.3676147460938,0.012495682574808598,0.9994454979896545
cjpe8nig1ha5d0785cjfw193y.jpg,wheelchair,3704.538330078125,1863.3197021484375,4002.9678344726562,2474.8271484375,0.012147518806159496,0.9988148212432861
cjpe8nig1ha5d0785cjfw193y.jpg,wheelchair,8.258164405822754,2118.49658203125,143.10569858551025,2482.8070373535156,0.012101770378649235,0.9828730225563049
cjpe8nig1ha5d0785cjfw193y.jpg,wheelchair,3227.545166015625,2282.439453125,3338.2326278686523,2414.194595336914,0.011526525020599365,0.9996371269226074
cjpe8nig1ha5d0785cjfw193y.jpg,wheelchair,3409.664794921875,2260.42138671875,3582.3067779541016,2422.677017211914,0.01151362992823124,0.9997640252113342
cjpe8nig1ha5d0785cjfw193y.jpg,wheelchair,96.9062728881836,2492.3642578125,610.1363143920898,3174.3501586914062,0.011179675348103046,0.9987107515335083
cjpe8nig1ha5d0785cjfw193y.jpg,wheelchair,3246.2626953125,2186.02294921875,3559.6703186035156,2368.963592529297,0.01086803711950779,0.9991077780723572
cjpe8nig1ha5d0785cjfw193y.jpg,wheelchair,2777.622802734375,2725.58056640625,3523.426025390625,3315.3897705078125,0.010741149075329304,0.996457040309906
cjpe8nig1ha5d0785cjfw193y.jpg,wheelchair,3929.07470703125,2055.98095703125,4061.20751953125,2296.664260864258,0.010638895444571972,0.9998465776443481
cjpe8nig1ha5d0785cjfw193y.jpg,wheelchair,2675.17578125,2571.88525390625,3049.162628173828,2832.72314453125,0.010277711786329746,0.9996581077575684
cjpe8nig1ha5d0785cjfw193y.jpg,wheelchair,3589.34765625,2238.6611328125,3778.4229278564453,2450.9765625,0.010227727703750134,0.9989401698112488
cjpe8nig1ha5d0785cjfw193y.jpg,wheelchair,2556.90966796875,2745.5546875,2952.7376098632812,3026.0504760742188,0.010170056484639645,0.9992948770523071
cjpe8nig1ha5d0785cjfw193y.jpg,wheelchair,3624.05517578125,2249.415283203125,3949.2638549804688,2443.32568359375,0.010143952444195747,0.9993023872375488
cjpe8zkzzhea80785f27reh7m.jpg,scooter,289.94573974609375,369.9382629394531,629.8811645507812,665.4469604492188,0.12082258611917496,0.9592808485031128
cjpe8zkzzhea80785f27reh7m.jpg,scooter,479.6979064941406,307.0657653808594,524.5231132507324,362.3927764892578,0.06794910132884979,0.9808849096298218
cjpe8zkzzhea80785f27reh7m.jpg,scooter,472.8825988769531,272.4056396484375,533.0926132202148,408.61639404296875,0.015222979709506035,0.9961881041526794
cjpfimgxsjl6c0729fsbpvfx6.jpg,bicycle,229.58718872070312,2471.5869140625,384.2810821533203,2792.8753967285156,0.038330622017383575,0.9864815473556519
cjpfimgxsjl6c0729fsbpvfx6.jpg,bicycle,472.6522521972656,2428.377197265625,620.8658599853516,2726.5779418945312,0.021973829716444016,0.9813063740730286
cjpfimgxsjl6c0729fsbpvfx6.jpg,bicycle,219.71730041503906,2226.958984375,488.98109436035156,2856.2897338867188,0.02142847515642643,0.9987488985061646
cjpfimgxsjl6c0729fsbpvfx6.jpg,scooter,993.5437622070312,1955.2283935546875,2410.1530151367188,3753.1927490234375,0.04097380116581917,0.5823257565498352
cjpfk2itjjxpk0729bd7qrlq6.jpg,bicycle,625.9849853515625,247.9161376953125,641.0343770980835,316.0588607788086,0.012980193831026554,0.6809738278388977
cjpfk2itjjxpk0729bd7qrlq6.jpg,mobility scooter,568.3997192382812,163.62347412109375,648.8012390136719,445.99200439453125,0.01704483851790428,0.8349384069442749
cjpfk2itjjxpk0729bd7qrlq6.jpg,mobility scooter,599.900634765625,151.9159393310547,640.8163528442383,451.84202575683594,0.012965100817382336,0.8557142615318298
cjpfk2itjjxpk0729bd7qrlq6.jpg,mobility scooter,618.8643798828125,163.51492309570312,637.4405708312988,440.6472473144531,0.011920643039047718,0.9293604493141174
cjpfk2itjjxpk0729bd7qrlq6.jpg,scooter,374.188232421875,28.159391403198242,636.3471984863281,453.2824993133545,0.1335212141275406,0.995005190372467
cjpfk2itjjxpk0729bd7qrlq6.jpg,scooter,194.93890380859375,2.317622423171997,641.74462890625,478.5310928821564,0.09612547606229782,0.9128016829490662
cjpfk2itjjxpk0729bd7qrlq6.jpg,scooter,567.5191040039062,22.590871810913086,645.9206390380859,382.00307273864746,0.07081793993711472,0.9575971961021423
cjpfk2itjjxpk0729bd7qrlq6.jpg,scooter,602.2905883789062,35.99742126464844,638.5250015258789,412.0239715576172,0.029762571677565575,0.8747117519378662
cjpfk2itjjxpk0729bd7qrlq6.jpg,scooter,624.3755493164062,43.35441207885742,638.9365653991699,361.9585380554199,0.017256373539566994,0.9025976657867432
cjpfk2itjjxpk0729bd7qrlq6.jpg,scooter,495.4356384277344,1.592571496963501,636.3151245117188,471.66599678993225,0.012737324461340904,0.9857746362686157
cjpfk2itjjxpk0729bd7qrlq6.jpg,wheelchair,14.33265209197998,21.604450225830078,517.8991193771362,450.3045845031738,0.10131499171257019,0.8450295329093933
cjpfk2itjjxpk0729bd7qrlq6.jpg,wheelchair,55.28369903564453,82.77806091308594,383.41739654541016,389.97840881347656,0.03932812437415123,0.9853706359863281
cjpfk2itjjxpk0729bd7qrlq6.jpg,wheelchair,99.92292785644531,64.99821472167969,440.77247619628906,330.6195831298828,0.027312297374010086,0.9732432961463928
cjpfkgp0jipei0840xhp4flwb.jpg,wheelchair,45.822689056396484,362.5389709472656,347.71633529663086,600.5577697753906,0.9928256273269653,0.9998162388801575
cjpfkgp0jipei0840xhp4flwb.jpg,wheelchair,295.3139343261719,363.2626647949219,615.7598571777344,598.1845397949219,0.9811200499534607,0.9999676942825317
cjpfkgp0jipei0840xhp4flwb.jpg,wheelchair,0.13518311083316803,238.73776245117188,110.01756836473942,399.68479919433594,0.49998462200164795,0.9987061023712158
cjpfkgp0jipei0840xhp4flwb.jpg,wheelchair,16.950042724609375,281.2417907714844,111.75700378417969,385.6636199951172,0.3052315413951874,0.9993228912353516
cjpfkgp0jipei0840xhp4flwb.jpg,wheelchair,279.9014587402344,315.7452697753906,399.8613586425781,407.26768493652344,0.23803670704364777,0.999000608921051
cjpfkgp0jipei0840xhp4flwb.jpg,wheelchair,309.691162109375,385.0286560058594,535.17041015625,560.0418853759766,0.1594373881816864,0.9999195337295532
cjpfkgp0jipei0840xhp4flwb.jpg,wheelchair,79.54569244384766,149.95753479003906,128.12690353393555,192.4369239807129,0.118405282497406,0.998576283454895
cjpfkgp0jipei0840xhp4flwb.jpg,wheelchair,259.767822265625,213.48167419433594,312.9682922363281,309.3808059692383,0.11126119643449783,0.9994990825653076
cjpfkgp0jipei0840xhp4flwb.jpg,wheelchair,282.3396911621094,266.8483581542969,394.1415252685547,423.3090515136719,0.08352699875831604,0.9982185959815979
cjpfkgp0jipei0840xhp4flwb.jpg,wheelchair,251.88841247558594,221.85992431640625,333.6065368652344,298.8201599121094,0.0631948933005333,0.9997419714927673
cjpfkgp0jipei0840xhp4flwb.jpg,wheelchair,246.99366760253906,219.97421264648438,288.3754119873047,305.4508743286133,0.05630897358059883,0.9992578625679016
cjpfkgp0jipei0840xhp4flwb.jpg,wheelchair,71.46720123291016,278.8265380859375,111.33641815185547,390.62903594970703,0.030904654413461685,0.9929384589195251
cjpfkgp0jipei0840xhp4flwb.jpg,wheelchair,4.524511814117432,241.83123779296875,153.91361093521118,373.2833557128906,0.030011160299181938,0.9996373653411865
cjpfkgp0jipei0840xhp4flwb.jpg,wheelchair,422.9471130371094,397.2391357421875,587.4923400878906,606.7182006835938,0.026476629078388214,0.9998373985290527
cjpfkgp0jipei0840xhp4flwb.jpg,wheelchair,279.1604309082031,379.7415771484375,456.1091613769531,552.1323852539062,0.026037054136395454,0.999299168586731
cjpfkgp0jipei0840xhp4flwb.jpg,wheelchair,324.0008544921875,70.99485778808594,382.56938552856445,108.41184616088867,0.013331800699234009,0.999330997467041
cjpfkgp0jipei0840xhp4flwb.jpg,wheelchair,309.97265625,305.35870361328125,374.11268615722656,422.36773681640625,0.011189816519618034,0.9962598085403442
cjpfkgp0jipei0840xhp4flwb.jpg,wheelchair,51.34212112426758,189.1615753173828,147.69912338256836,391.33876037597656,0.010470000095665455,0.9975078105926514
cjpfkxo1hkai00729mzlvpnoi.jpg,wheelchair,113.98588562011719,-31.71858787536621,623.1325531005859,441.24537086486816,0.5030551552772522,0.999828577041626
cjpfkxo1hkai00729mzlvpnoi.jpg,wheelchair,228.2582244873047,23.490589141845703,577.8852996826172,380.5518379211426,0.024217888712882996,0.9999567270278931
cjpfkzpyakba30729dkjrxsww.jpg,wheelchair,378.0806884765625,382.33709716796875,931.63916015625,782.0641479492188,0.6177319884300232,0.9996261596679688
cjpfkzpyakba30729dkjrxsww.jpg,wheelchair,128.11863708496094,346.61248779296875,712.1788177490234,799.4293518066406,0.4154174327850342,0.9995805621147156
cjpflgoy9kgen07290dxe1pdu.jpg,bicycle,329.68310546875,175.0260009765625,532.6965484619141,387.10707092285156,0.971616804599762,0.9997435212135315
cjpflgoy9kgen07290dxe1pdu.jpg,bicycle,12.819661140441895,140.92080688476562,267.6667528152466,402.83343505859375,0.5914220213890076,0.9874279499053955
cjpflgoy9kgen07290dxe1pdu.jpg,bicycle,475.76287841796875,169.1538543701172,595.7223205566406,336.09120178222656,0.2344438135623932,0.9980666041374207
cjpflgoy9kgen07290dxe1pdu.jpg,bicycle,306.1234130859375,169.38363647460938,411.97293853759766,246.4993438720703,0.17192859947681427,0.9919567108154297
cjpflgoy9kgen07290dxe1pdu.jpg,bicycle,485.4597473144531,197.1269989013672,585.1741027832031,302.03118896484375,0.035072099417448044,0.9952876567840576
cjpflgoy9kgen07290dxe1pdu.jpg,bicycle,495.8895568847656,124.42344665527344,525.8689002990723,164.74918365478516,0.03053048998117447,0.9768562912940979
cjpflgoy9kgen07290dxe1pdu.jpg,bicycle,622.3218994140625,105.72850036621094,638.3340511322021,189.8076171875,0.024481432512402534,0.9598132967948914
cjpflhagakgof0729yc4b0k43.jpg,skateboard,965.2347412109375,1006.3013916015625,1089.9480590820312,1165.471420288086,0.3993368148803711,0.9954667091369629
cjpflhagakgof0729yc4b0k43.jpg,skateboard,415.271728515625,704.9533081054688,432.0409755706787,718.4829082489014,0.19127655029296875,0.9950624108314514
cjpflhagakgof0729yc4b0k43.jpg,skateboard,721.1055297851562,1108.239990234375,831.2098770141602,1284.474380493164,0.04211267828941345,0.9988740086555481
cjpflhagakgof0729yc4b0k43.jpg,skateboard,457.6885986328125,704.6062622070312,472.95719814300537,714.1391410827637,0.039083804935216904,0.9990677237510681
cjpflhagakgof0729yc4b0k43.jpg,skateboard,728.1925048828125,1196.876220703125,900.6029205322266,1295.7273178100586,0.011555584147572517,0.9996117949485779
cjpflhagakgof0729yc4b0k43.jpg,skateboard,966.86865234375,987.4420776367188,1067.3593978881836,1126.071762084961,0.0113740935921669,0.9998617172241211
cjpfmeu9akni2072946009zyq.jpg,wheelchair,154.57444763183594,173.65676879882812,543.3741607666016,414.18736267089844,0.024571938440203667,0.747826874256134
cjpfmmz5mko9d0729fm39pegw.jpg,skateboard,4384.1123046875,1846.6251220703125,4618.514587402344,1910.1980514526367,0.02143969014286995,0.9963546991348267
cjpfmmz5mko9d0729fm39pegw.jpg,bicycle,3104.10595703125,1666.3929443359375,3441.3621520996094,1933.2952880859375,0.8023236393928528,0.99393230676651
cjpfmmz5mko9d0729fm39pegw.jpg,bicycle,1722.3349609375,1643.828125,2377.3008422851562,2023.3889770507812,0.3929443657398224,0.5067325830459595
cjpfmmz5mko9d0729fm39pegw.jpg,bicycle,1814.328125,1710.866943359375,2300.9161071777344,1991.2519226074219,0.328241229057312,0.8454902768135071
cjpfmmz5mko9d0729fm39pegw.jpg,bicycle,5061.509765625,1302.37255859375,5167.858024597168,1465.8287048339844,0.11887258291244507,0.9840844869613647
cjpfmmz5mko9d0729fm39pegw.jpg,bicycle,5107.05224609375,1368.99658203125,5172.912666320801,1552.2638702392578,0.023162882775068283,0.9889211654663086
cjpfmmz5mko9d0729fm39pegw.jpg,bicycle,3.14105486869812,1305.046630859375,66.17682528495789,1455.7563934326172,0.01347932405769825,0.9488916993141174
cjpfmmz5mko9d0729fm39pegw.jpg,bicycle,2000.5460205078125,1729.1451416015625,2431.8256225585938,1967.8082275390625,0.01315852627158165,0.882723331451416
cjpfmmz5mko9d0729fm39pegw.jpg,bicycle,5055.72119140625,1201.61865234375,5175.4284744262695,1556.6549682617188,0.011794604361057281,0.9773795008659363
cjpfmmz5mko9d0729fm39pegw.jpg,mobility scooter,1613.2628173828125,1605.5865478515625,2331.12548828125,2002.7885437011719,0.030644003301858902,0.4189150631427765
cjpfmmz5mko9d0729fm39pegw.jpg,scooter,2943.6494140625,743.4629516601562,4468.4447021484375,1856.6170043945312,0.023806726559996605,0.9846442937850952
cjpgpmzgknq17084020a9uoy7.jpg,wheelchair,105.30523681640625,431.4365539550781,169.50634002685547,499.4303665161133,0.01534217968583107,0.9302891492843628
cjpgpmzgknq17084020a9uoy7.jpg,wheelchair,147.5987091064453,508.4573059082031,240.64175415039062,570.0363731384277,0.011956409551203251,0.4630402624607086
cjpgpmzgknq17084020a9uoy7.jpg,bicycle,917.9837646484375,463.94732666015625,951.4851684570312,533.8943176269531,0.5916115641593933,0.9931972026824951
cjpgpmzgknq17084020a9uoy7.jpg,bicycle,928.9868774414062,465.9901428222656,958.1210708618164,528.1728973388672,0.08909714967012405,0.9660468697547913
cjpgpmzgknq17084020a9uoy7.jpg,bicycle,634.4270629882812,448.7447204589844,675.208740234375,514.7973403930664,0.0581854023039341,0.9921189546585083
cjpgpmzgknq17084020a9uoy7.jpg,bicycle,675.9407958984375,442.8299865722656,706.3268699645996,510.16321563720703,0.041602231562137604,0.9955334663391113
cjpgpmzgknq17084020a9uoy7.jpg,bicycle,913.6159057617188,447.1894226074219,957.596435546875,528.0644226074219,0.033374346792697906,0.9452568292617798
cjpgpmzgknq17084020a9uoy7.jpg,bicycle,940.5745239257812,470.5987548828125,954.9316835403442,528.5298004150391,0.02366185002028942,0.9306844472885132
cjpgpmzgknq17084020a9uoy7.jpg,bicycle,620.853759765625,455.46844482421875,687.0724411010742,511.8750686645508,0.023303132504224777,0.9918298125267029
cjpgpmzgknq17084020a9uoy7.jpg,bicycle,903.156494140625,476.8739318847656,962.1805458068848,524.5961418151855,0.017377952113747597,0.9880586266517639
cjpgpmzgknq17084020a9uoy7.jpg,bicycle,907.1370239257812,426.5345764160156,956.6033935546875,556.9427185058594,0.01572197675704956,0.8753979206085205
cjpgpmzgknq17084020a9uoy7.jpg,bicycle,941.8858032226562,493.3414611816406,956.3191623687744,532.749698638916,0.01391397975385189,0.9139271378517151
cjpgpmzgknq17084020a9uoy7.jpg,bicycle,931.5174560546875,482.8374938964844,959.559778213501,539.3603172302246,0.013217559084296227,0.9538900256156921
cjpgpmzgknq17084020a9uoy7.jpg,bicycle,901.5211181640625,471.9303894042969,936.5082054138184,526.4806060791016,0.012479523196816444,0.9682779312133789
cjpgpmzgknq17084020a9uoy7.jpg,bicycle,309.3001403808594,477.4812927246094,379.24298095703125,518.7576293945312,0.011735367588698864,0.9712411761283875
cjpgpmzgknq17084020a9uoy7.jpg,bicycle,818.02783203125,463.91534423828125,857.6429824829102,527.8591537475586,0.011236065998673439,0.993728518486023
cjpgpmzgknq17084020a9uoy7.jpg,bicycle,884.4994506835938,477.6120910644531,946.633903503418,525.7962951660156,0.01079004816710949,0.952022135257721
cjpgpmzgknq17084020a9uoy7.jpg,mobility scooter,19.72675323486328,405.5105895996094,234.6079330444336,581.0634765625,0.02791932038962841,0.9571930170059204
cjpgt43jxofen08401j0j345z.jpg,scooter,1188.041259765625,704.9058227539062,2237.30126953125,1812.9783325195312,0.9692196846008301,0.9994164705276489
cjpgt43jxofen08401j0j345z.jpg,scooter,445.6631774902344,1296.1212158203125,651.6304016113281,1623.2835083007812,0.23663172125816345,0.990868091583252
cjpgt43jxofen08401j0j345z.jpg,scooter,79.28020477294922,1054.9981689453125,667.4906539916992,1748.4044799804688,0.01283725444227457,0.9875820875167847
cjpgtem8fq6db0729pvqrhsnj.jpg,wheelchair,217.1728057861328,880.24365234375,918.6775665283203,1334.6387329101562,0.8896719217300415,0.9995040893554688
cjpgtem8fq6db0729pvqrhsnj.jpg,wheelchair,2046.3785400390625,916.54736328125,2636.0887451171875,1380.5912475585938,0.8787351846694946,0.9994096755981445
cjpgtem8fq6db0729pvqrhsnj.jpg,wheelchair,1387.4033203125,971.466796875,1890.53955078125,1333.951904296875,0.7105761766433716,0.9982946515083313
cjpgtem8fq6db0729pvqrhsnj.jpg,wheelchair,1967.6990966796875,871.5744018554688,2148.451370239258,975.5634155273438,0.5589883327484131,0.9993637204170227
cjpgtem8fq6db0729pvqrhsnj.jpg,wheelchair,831.1232299804688,1014.9863891601562,1314.3233032226562,1337.3099670410156,0.4860233664512634,0.9998018145561218
cjpgtem8fq6db0729pvqrhsnj.jpg,wheelchair,829.0213623046875,1021.6885986328125,1419.4771118164062,1464.3229675292969,0.46256235241889954,0.9996459484100342
cjpgtem8fq6db0729pvqrhsnj.jpg,wheelchair,2566.52734375,845.063720703125,2644.7431869506836,1003.4885559082031,0.25408363342285156,0.9858275651931763
cjpgtem8fq6db0729pvqrhsnj.jpg,wheelchair,2166.2861328125,873.4627075195312,2262.254219055176,975.4339294433594,0.19295088946819305,0.9992169141769409
cjpgtem8fq6db0729pvqrhsnj.jpg,wheelchair,2049.760986328125,879.2591552734375,2149.420181274414,965.8475875854492,0.18133589625358582,0.9992826581001282
cjpgtem8fq6db0729pvqrhsnj.jpg,wheelchair,2082.675537109375,1018.1744384765625,2546.4705810546875,1326.3254699707031,0.11664740741252899,0.9998518228530884
cjpgtem8fq6db0729pvqrhsnj.jpg,wheelchair,2024.1549072265625,873.85986328125,2175.8263549804688,972.1601486206055,0.10738975554704666,0.9995645880699158
cjpgtem8fq6db0729pvqrhsnj.jpg,wheelchair,2067.174072265625,873.8602294921875,2240.878143310547,972.4052963256836,0.06793584674596786,0.999620795249939
cjpgtem8fq6db0729pvqrhsnj.jpg,wheelchair,2128.398681640625,873.0894165039062,2288.0943756103516,980.2549591064453,0.06715817004442215,0.9994931221008301
cjpgtem8fq6db0729pvqrhsnj.jpg,wheelchair,2600.144775390625,846.0831298828125,2636.7183799743652,1010.6071166992188,0.06705383956432343,0.9922227263450623
cjpgtem8fq6db0729pvqrhsnj.jpg,wheelchair,2531.730224609375,809.9165649414062,2633.504783630371,969.2689208984375,0.06245901808142662,0.9971686005592346
cjpgtem8fq6db0729pvqrhsnj.jpg,wheelchair,2521.333251953125,930.427490234375,2641.917137145996,1394.7553100585938,0.057600513100624084,0.9964904189109802
cjpgtem8fq6db0729pvqrhsnj.jpg,wheelchair,2519.29248046875,787.2151489257812,2639.556327819824,1114.7147521972656,0.05608527362346649,0.9861970543861389
cjpgtem8fq6db0729pvqrhsnj.jpg,wheelchair,243.47640991210938,976.1201782226562,900.1584167480469,1461.8804016113281,0.05436692014336586,0.9989824891090393
cjpgtem8fq6db0729pvqrhsnj.jpg,wheelchair,2570.977294921875,884.023193359375,2648.855644226074,1045.8937683105469,0.053172409534454346,0.9913613200187683
cjpgtem8fq6db0729pvqrhsnj.jpg,wheelchair,1863.5531005859375,867.1387329101562,2074.5208892822266,973.5592651367188,0.04826698079705238,0.9974640607833862
cjpgtem8fq6db0729pvqrhsnj.jpg,wheelchair,1801.2900390625,860.1436157226562,1913.850082397461,968.1433868408203,0.04177408292889595,0.9972400665283203
cjpgtem8fq6db0729pvqrhsnj.jpg,wheelchair,1959.74365234375,869.9141845703125,2068.600555419922,970.5554046630859,0.03144540265202522,0.9987002611160278
cjpgtem8fq6db0729pvqrhsnj.jpg,wheelchair,771.1200561523438,1011.005615234375,935.1328125,1492.7817687988281,0.02929007075726986,0.9887619614601135
cjpgtem8fq6db0729pvqrhsnj.jpg,wheelchair,2504.650390625,843.727294921875,2646.1473388671875,1016.3540802001953,0.02848232164978981,0.999272882938385
cjpgtem8fq6db0729pvqrhsnj.jpg,wheelchair,2587.754638671875,980.5482788085938,2651.502025604248,1191.2671966552734,0.02825199067592621,0.996033251285553
cjpgtem8fq6db0729pvqrhsnj.jpg,wheelchair,2522.94775390625,900.4566650390625,2642.2452850341797,1036.0286254882812,0.022997818887233734,0.9991556406021118
cjpgtem8fq6db0729pvqrhsnj.jpg,wheelchair,2580.00390625,731.1756591796875,2644.580291748047,941.0203857421875,0.02220148779451847,0.9910281300544739
cjpgtem8fq6db0729pvqrhsnj.jpg,wheelchair,231.31509399414062,937.49169921875,689.7264099121094,1229.9259338378906,0.016651324927806854,0.9995580315589905
cjpgtem8fq6db0729pvqrhsnj.jpg,wheelchair,245.06178283691406,961.742919921875,457.80079650878906,1340.3938293457031,0.01659443974494934,0.9986202716827393
cjpgtem8fq6db0729pvqrhsnj.jpg,wheelchair,2159.746337890625,870.694091796875,2340.054443359375,987.6601791381836,0.016221102327108383,0.9984102249145508
cjpgtem8fq6db0729pvqrhsnj.jpg,wheelchair,2526.0400390625,694.75048828125,2624.868293762207,1067.325439453125,0.015560547821223736,0.9848718047142029
cjpgtem8fq6db0729pvqrhsnj.jpg,wheelchair,2587.404296875,1043.69873046875,2646.969078063965,1311.3002014160156,0.015391203574836254,0.9952688813209534
cjpgtem8fq6db0729pvqrhsnj.jpg,wheelchair,2604.649658203125,883.7796630859375,2638.1644706726074,1043.4241333007812,0.014352327212691307,0.9961972236633301
cjpgtem8fq6db0729pvqrhsnj.jpg,wheelchair,2586.43017578125,913.995361328125,2647.186664581299,1144.5178680419922,0.013799400068819523,0.9953014850616455
cjpgtem8fq6db0729pvqrhsnj.jpg,wheelchair,851.57568359375,865.2472534179688,1300.5921325683594,1446.7881469726562,0.013308919034898281,0.9984588623046875
cjpgtem8fq6db0729pvqrhsnj.jpg,wheelchair,2009.8128662109375,877.16845703125,2123.6096115112305,971.8303909301758,0.013263048604130745,0.9991700649261475
cjpgtem8fq6db0729pvqrhsnj.jpg,wheelchair,2123.243896484375,877.9895629882812,2202.1797256469727,970.6631774902344,0.01160841342061758,0.9996123909950256
cjpgtem8fq6db0729pvqrhsnj.jpg,wheelchair,772.7139282226562,877.3936767578125,940.8982086181641,1279.2189636230469,0.010987729765474796,0.9877817630767822
cjpgtem8fq6db0729pvqrhsnj.jpg,wheelchair,2589.193359375,1154.445068359375,2645.989128112793,1399.2810516357422,0.010692683048546314,0.996311604976654
cjpgtem8fq6db0729pvqrhsnj.jpg,wheelchair,2597.440185546875,1297.0400390625,2650.2224769592285,1573.9632568359375,0.010595784522593021,0.9886844754219055
cjpgtjhv9q6p30729ohzsipeq.jpg,bicycle,148.48707580566406,473.8607482910156,344.52430725097656,554.8755493164062,0.024756556376814842,0.9380802512168884
cjpgtjhv9q6p30729ohzsipeq.jpg,skateboard,876.1468505859375,651.701904296875,1010.370849609375,938.9826965332031,0.6538534760475159,0.978007972240448
cjpgtjhv9q6p30729ohzsipeq.jpg,skateboard,587.4886474609375,743.4483032226562,764.2876281738281,806.4508323669434,0.48085761070251465,0.9980188608169556
cjpgtjhv9q6p30729ohzsipeq.jpg,skateboard,1053.83740234375,677.2714233398438,1158.339370727539,958.7435607910156,0.3469964563846588,0.9958935976028442
cjpgtjhv9q6p30729ohzsipeq.jpg,skateboard,605.1199340820312,722.73193359375,784.831787109375,797.8013381958008,0.13023696839809418,0.9868812561035156
cjpgtjhv9q6p30729ohzsipeq.jpg,skateboard,1085.9830322265625,618.411376953125,1163.369140625,797.3560028076172,0.03674538806080818,0.9868419766426086
cjpgtpstsq7fl0729p250j195.jpg,wheelchair,180.9931640625,474.9851989746094,382.14442443847656,653.8931274414062,0.9176362156867981,0.9997078776359558
cjpgtpstsq7fl0729p250j195.jpg,wheelchair,298.8662109375,162.6559295654297,383.54207611083984,231.18438720703125,0.9003699421882629,0.9997522234916687
cjpgtpstsq7fl0729p250j195.jpg,wheelchair,565.751220703125,148.90354919433594,593.6642761230469,198.33681869506836,0.8787156343460083,0.9995633959770203
cjpgtpstsq7fl0729p250j195.jpg,wheelchair,483.5539855957031,107.95060729980469,544.7094955444336,153.39904403686523,0.777272641658783,0.9995658993721008
cjpgtpstsq7fl0729p250j195.jpg,wheelchair,455.7461242675781,17.33204460144043,593.7575225830078,79.74845314025879,0.5784066319465637,0.9997379183769226
cjpgtpstsq7fl0729p250j195.jpg,wheelchair,555.299072265625,124.40191650390625,599.3457794189453,209.35662078857422,0.4887016713619232,0.996390163898468
cjpgtpstsq7fl0729p250j195.jpg,wheelchair,424.58807373046875,145.87136840820312,513.1608810424805,228.62477111816406,0.30182135105133057,0.9987226128578186
cjpgtpstsq7fl0729p250j195.jpg,wheelchair,469.704833984375,30.75757598876953,531.1847839355469,80.12158966064453,0.20965267717838287,0.9995124340057373
cjpgtpstsq7fl0729p250j195.jpg,wheelchair,517.073974609375,114.23976135253906,543.0216217041016,146.8805809020996,0.20612570643424988,0.9979459643363953
cjpgtpstsq7fl0729p250j195.jpg,wheelchair,185.40338134765625,554.5374145507812,331.6897735595703,651.1181106567383,0.18355156481266022,0.9994669556617737
cjpgtpstsq7fl0729p250j195.jpg,wheelchair,141.2189178466797,197.83290100097656,170.2247714996338,243.4671630859375,0.16029253602027893,0.9990922212600708
cjpgtpstsq7fl0729p250j195.jpg,wheelchair,419.9271545410156,163.68304443359375,486.0694274902344,208.5852279663086,0.12109937518835068,0.9977039694786072
cjpgtpstsq7fl0729p250j195.jpg,wheelchair,422.73431396484375,120.53079986572266,486.6960334777832,228.26079559326172,0.10314817726612091,0.9993960857391357
cjpgtpstsq7fl0729p250j195.jpg,wheelchair,442.1836853027344,-2.571716547012329,633.7192077636719,164.34349036216736,0.0690765380859375,0.9996850490570068
cjpgtpstsq7fl0729p250j195.jpg,wheelchair,438.88470458984375,159.71878051757812,533.6056213378906,240.691650390625,0.06771337985992432,0.9986773133277893
cjpgtpstsq7fl0729p250j195.jpg,wheelchair,201.9634246826172,83.49938201904297,232.50953674316406,116.22314834594727,0.05447198823094368,0.9982540011405945
cjpgtpstsq7fl0729p250j195.jpg,wheelchair,107.3960952758789,167.9507598876953,170.6533317565918,277.74686431884766,0.05402129516005516,0.9993966817855835
cjpgtpstsq7fl0729p250j195.jpg,wheelchair,187.72264099121094,488.39007568359375,328.6071319580078,678.9017028808594,0.053686849772930145,0.9980723857879639
cjpgtpstsq7fl0729p250j195.jpg,wheelchair,570.2825317382812,162.40908813476562,598.7286548614502,199.74661254882812,0.04631883278489113,0.9990049004554749
cjpgtpstsq7fl0729p250j195.jpg,wheelchair,464.7285461425781,142.60891723632812,526.6046905517578,257.3692932128906,0.043187759816646576,0.9974842071533203
cjpgtpstsq7fl0729p250j195.jpg,wheelchair,4.718900203704834,254.3874053955078,36.782601833343506,303.19250869750977,0.039931949228048325,0.9987636804580688
cjpgtpstsq7fl0729p250j195.jpg,wheelchair,475.428955078125,115.94691467285156,536.8517990112305,158.67240142822266,0.0376904234290123,0.9990527033805847
cjpgtpstsq7fl0729p250j195.jpg,wheelchair,564.2420654296875,128.1878662109375,590.332878112793,166.10986709594727,0.02752004750072956,0.9996705055236816
cjpgtpstsq7fl0729p250j195.jpg,wheelchair,129.1969757080078,176.71514892578125,173.04391479492188,267.7932434082031,0.025047779083251953,0.9975245594978333
cjpgtpstsq7fl0729p250j195.jpg,wheelchair,110.37815856933594,193.40419006347656,169.25661087036133,249.72677612304688,0.02020316570997238,0.9997174143791199
cjpgtpstsq7fl0729p250j195.jpg,wheelchair,226.92233276367188,-3.5149126052856445,268.3004493713379,12.895735740661621,0.0195916797965765,0.9207708239555359
cjpgtpstsq7fl0729p250j195.jpg,wheelchair,556.59375,28.708864212036133,595.7340316772461,74.62714195251465,0.018285194411873817,0.9989185333251953
cjpgtpstsq7fl0729p250j195.jpg,wheelchair,557.4801635742188,19.208717346191406,593.0623626708984,58.90052032470703,0.018107820302248,0.9995470643043518
cjpgtpstsq7fl0729p250j195.jpg,wheelchair,239.8376007080078,-4.405696392059326,276.4456481933594,13.919517993927002,0.015871550887823105,0.9626011848449707
cjpgtpstsq7fl0729p250j195.jpg,wheelchair,45.5270881652832,105.44728088378906,167.41362380981445,283.3541259765625,0.015224223956465721,0.9984568357467651
cjpgtpstsq7fl0729p250j195.jpg,wheelchair,198.15359497070312,94.56122589111328,231.06085205078125,121.0908432006836,0.015206554904580116,0.9992101192474365
cjpgtpstsq7fl0729p250j195.jpg,wheelchair,169.757568359375,379.31866455078125,389.3242950439453,674.7617492675781,0.01381948497146368,0.9996008276939392
cjpgtpstsq7fl0729p250j195.jpg,wheelchair,464.3565979003906,-1.6346204280853271,515.3594856262207,99.54549431800842,0.013524213805794716,0.9998180270195007
cjpgtywf0ojwt0840hjm6ebu1.jpg,skateboard,20.08733367919922,118.4673843383789,104.3419189453125,166.9047088623047,0.1504320651292801,0.9834679365158081
cjpgtywf0ojwt0840hjm6ebu1.jpg,wheelchair,377.55224609375,273.7173767089844,671.8971252441406,546.540771484375,0.9745074510574341,0.9843697547912598
cjpgtywf0ojwt0840hjm6ebu1.jpg,wheelchair,11.26714038848877,61.35415267944336,99.61182117462158,168.24218368530273,0.285785436630249,0.8132531046867371
cjpgtywf0ojwt0840hjm6ebu1.jpg,wheelchair,6.561140060424805,37.6072883605957,124.95606803894043,150.82558822631836,0.021899934858083725,0.9212294220924377
cjpgtywf0ojwt0840hjm6ebu1.jpg,wheelchair,48.8075065612793,20.20330238342285,112.71900939941406,151.91518592834473,0.017623523250222206,0.7698338627815247
cjpgyghlsqtu30729h6djh95p.jpg,skateboard,26.47585678100586,1313.102294921875,215.80761337280273,1439.5230102539062,0.3953298330307007,0.9999480247497559
cjpgyghlsqtu30729h6djh95p.jpg,skateboard,195.82769775390625,1268.9346923828125,545.7931213378906,1425.6056823730469,0.27292487025260925,0.9996121525764465
cjpgyghlsqtu30729h6djh95p.jpg,skateboard,-8.513229370117188,1301.3909912109375,144.5117645263672,1422.3450469970703,0.02912379801273346,0.9992671608924866
cjpgyghlsqtu30729h6djh95p.jpg,skateboard,241.83644104003906,1078.30810546875,678.4514923095703,1311.6622161865234,0.025198711082339287,0.999731719493866
cjpgyghlsqtu30729h6djh95p.jpg,skateboard,102.14710235595703,1306.2137451171875,276.99695587158203,1412.379135131836,0.020223090425133705,0.9998717308044434
cjpgyghlsqtu30729h6djh95p.jpg,skateboard,200.5945281982422,1137.443115234375,390.5736846923828,1405.9216918945312,0.013596608303487301,0.9994354844093323
cjpgyghlsqtu30729h6djh95p.jpg,wheelchair,2373.102783203125,1261.42578125,3393.3345336914062,2832.6490478515625,0.21063029766082764,0.7134949564933777
cjpgyghlsqtu30729h6djh95p.jpg,wheelchair,3398.20654296875,613.769775390625,3658.541290283203,925.6727294921875,0.021894650533795357,0.596578061580658
cjpgyghlsqtu30729h6djh95p.jpg,mobility scooter,2369.185546875,950.8894653320312,3386.8384399414062,2840.0700073242188,0.8346902132034302,0.6803290247917175
cjpgzdjiyqzmk0729kdtaorzv.jpg,bicycle,5042.6689453125,1978.59765625,5157.505569458008,2570.5175170898438,0.012080930173397064,0.6288017630577087
cjpgzdjiyqzmk0729kdtaorzv.jpg,mobility scooter,4580.5556640625,1315.0994873046875,5221.947814941406,3580.5001220703125,0.026361830532550812,0.8661273717880249
cjpgzdjiyqzmk0729kdtaorzv.jpg,mobility scooter,4833.66845703125,1174.8397216796875,5157.375305175781,3677.1436767578125,0.0234617181122303,0.9221068620681763
cjpgzdjiyqzmk0729kdtaorzv.jpg,mobility scooter,4984.11181640625,1251.524169921875,5128.400451660156,3604.47998046875,0.018177326768636703,0.9665980935096741
cjpgzdjiyqzmk0729kdtaorzv.jpg,mobility scooter,4945.99072265625,2414.504150390625,5134.591552734375,3624.7646484375,0.01093481108546257,0.9492126703262329
cjpgzdjiyqzmk0729kdtaorzv.jpg,skateboard,513.6932373046875,284.77093505859375,4581.6365966796875,3606.0839233398438,0.17250829935073853,0.20082364976406097
cjpgzdjiyqzmk0729kdtaorzv.jpg,wheelchair,132.1735076904297,109.18572235107422,4196.825119018555,3786.419364929199,0.20765575766563416,0.38898947834968567
cjpgzdjiyqzmk0729kdtaorzv.jpg,wheelchair,595.3250732421875,598.6741333007812,3042.5003662109375,3286.0125122070312,0.014853800646960735,0.7013577222824097
cjpgzdjiyqzmk0729kdtaorzv.jpg,scooter,3044.319580078125,298.58648681640625,5080.524658203125,3541.3745727539062,0.41179174184799194,0.9993680119514465
cjpgzdjiyqzmk0729kdtaorzv.jpg,scooter,1485.800537109375,94.71880340576172,5231.58837890625,3772.8057174682617,0.21701973676681519,0.9745399355888367
cjpgzdjiyqzmk0729kdtaorzv.jpg,scooter,4561.93896484375,154.5778045654297,5195.365539550781,3102.5775604248047,0.06868880242109299,0.9800933003425598
cjpgzdjiyqzmk0729kdtaorzv.jpg,scooter,4854.88671875,238.95140075683594,5144.984100341797,3369.698715209961,0.035980138927698135,0.9103315472602844
cjpgzdjiyqzmk0729kdtaorzv.jpg,scooter,5027.1455078125,315.66729736328125,5144.275527954102,2945.8255004882812,0.020118186250329018,0.9304302334785461
cjpgzdjiyqzmk0729kdtaorzv.jpg,scooter,45.51982879638672,686.0096435546875,1966.4573287963867,3150.4627685546875,0.011195916682481766,0.8662499785423279
cjpgzpijap8k70840h2wjhyuv.jpg,scooter,2074.617431640625,2003.0888671875,2846.594970703125,3790.0052490234375,0.862250566482544,0.9985358715057373
cjpgzpijap8k70840h2wjhyuv.jpg,skateboard,1325.2950439453125,3344.124755859375,2357.4285888671875,3827.9313049316406,0.7638382911682129,0.9999382495880127
cjpgzpijap8k70840h2wjhyuv.jpg,skateboard,5022.8974609375,2608.9453125,5145.344451904297,3135.1697387695312,0.02319750189781189,0.8659033179283142
cjpgzpijap8k70840h2wjhyuv.jpg,skateboard,5103.5869140625,2786.767822265625,5147.32084274292,3158.002410888672,0.022989867255091667,0.9631519913673401
cjpgzpijap8k70840h2wjhyuv.jpg,skateboard,5055.2255859375,2041.8629150390625,5142.472717285156,2898.9903564453125,0.01738954335451126,0.3691222071647644
cjpgzpijap8k70840h2wjhyuv.jpg,skateboard,5042.4052734375,2715.401611328125,5162.004051208496,3194.1988525390625,0.014107702299952507,0.7784640789031982
cjpgzpijap8k70840h2wjhyuv.jpg,skateboard,5077.17236328125,2006.695556640625,5156.019981384277,2737.444580078125,0.011076348833739758,0.3879179358482361
cjpgzpijap8k70840h2wjhyuv.jpg,skateboard,4935.90869140625,2697.2373046875,5142.862701416016,3055.87939453125,0.01024653110653162,0.9788405895233154
cjpgzpijap8k70840h2wjhyuv.jpg,mobility scooter,4999.6708984375,1710.0938720703125,5156.177108764648,3163.0806884765625,0.18561948835849762,0.9514052867889404
cjpgzpijap8k70840h2wjhyuv.jpg,mobility scooter,5023.48583984375,2190.011474609375,5143.111068725586,2946.1488037109375,0.029770750552415848,0.5976682901382446
cjpgzs7pwr2zp0729krtwiz3o.jpg,bicycle,164.55857849121094,482.838623046875,205.12803649902344,516.2767791748047,0.09727206826210022,0.9898556470870972
cjpgzs7pwr2zp0729krtwiz3o.jpg,bicycle,169.08795166015625,474.42108154296875,198.26186561584473,520.7145614624023,0.08476585894823074,0.9876707792282104
cjpgzs7pwr2zp0729krtwiz3o.jpg,mobility scooter,320.6950378417969,421.16510009765625,474.98046875,613.4811553955078,0.9921601414680481,0.9998725652694702
cjpgzs7pwr2zp0729krtwiz3o.jpg,mobility scooter,-1.833249568939209,496.68280029296875,200.1210503578186,650.5474548339844,0.9276458024978638,0.9999191761016846
cjpgzs7pwr2zp0729krtwiz3o.jpg,mobility scooter,92.0619125366211,502.1630859375,207.37351989746094,645.4053649902344,0.14456623792648315,0.9992904663085938
cjpgzs7pwr2zp0729krtwiz3o.jpg,mobility scooter,20.8647518157959,505.3403015136719,140.25787162780762,649.9927825927734,0.02844589576125145,0.998852014541626
cjpgzu9tyr3bi0729z9hmnjro.jpg,skateboard,307.1629943847656,454.1844177246094,584.2069396972656,528.1008834838867,0.14399805665016174,0.9993994235992432
cjpgzu9tyr3bi0729z9hmnjro.jpg,skateboard,346.6361389160156,460.1749572753906,549.3297271728516,556.6389083862305,0.10425691306591034,0.9573139548301697
cjpgzu9tyr3bi0729z9hmnjro.jpg,skateboard,366.4335021972656,486.8638610839844,481.06714630126953,526.4986267089844,0.09446873515844345,0.9974551796913147
cjpgzu9tyr3bi0729z9hmnjro.jpg,skateboard,309.10302734375,457.54443359375,589.4968872070312,591.0197601318359,0.020565077662467957,0.7347710728645325
cjpjhd5bn17nu0602l2thm0nv.jpg,bicycle,673.5010375976562,1263.5950927734375,913.7913513183594,1423.4501037597656,0.3035101890563965,0.6939061880111694
cjpjhd5bn17nu0602l2thm0nv.jpg,bicycle,3148.227783203125,1544.0078125,3259.0539169311523,1671.4503326416016,0.25485265254974365,0.99875807762146
cjpjhd5bn17nu0602l2thm0nv.jpg,bicycle,2485.23876953125,1640.9400634765625,2618.2257385253906,1754.5305252075195,0.15893174707889557,0.9877583384513855
cjpjhd5bn17nu0602l2thm0nv.jpg,bicycle,2709.2490234375,1539.24755859375,2802.525764465332,1698.981430053711,0.1251789629459381,0.9510024189949036
cjpjhd5bn17nu0602l2thm0nv.jpg,bicycle,2479.5927734375,1605.0963134765625,2615.5731048583984,1800.76025390625,0.10617686808109283,0.971634566783905
cjpjhd5bn17nu0602l2thm0nv.jpg,bicycle,2472.0576171875,1644.1810302734375,2595.336051940918,1848.317138671875,0.07143396884202957,0.9869990944862366
cjpjhd5bn17nu0602l2thm0nv.jpg,bicycle,2666.6220703125,1548.1439208984375,2769.8349685668945,1670.5476684570312,0.06100790202617645,0.975623369216919
cjpjhd5bn17nu0602l2thm0nv.jpg,bicycle,3092.658203125,1538.951904296875,3209.852470397949,1669.8951263427734,0.05829286575317383,0.9975448250770569
cjpjhd5bn17nu0602l2thm0nv.jpg,bicycle,2590.5888671875,1493.30810546875,2662.84228515625,1577.9504318237305,0.053074777126312256,0.9340738654136658
cjpjhd5bn17nu0602l2thm0nv.jpg,bicycle,3754.08251953125,1574.7227783203125,3831.7389602661133,1627.7540588378906,0.05156828463077545,0.8509188294410706
cjpjhd5bn17nu0602l2thm0nv.jpg,bicycle,2927.648193359375,1558.083984375,3035.4516830444336,1683.1252975463867,0.04554948955774307,0.997305154800415
cjpjhd5bn17nu0602l2thm0nv.jpg,bicycle,2426.16552734375,1629.213623046875,2659.3855590820312,1768.8633728027344,0.04137702286243439,0.9214673042297363
cjpjhd5bn17nu0602l2thm0nv.jpg,bicycle,2408.570068359375,1651.295654296875,2572.132827758789,1863.1206359863281,0.032445747405290604,0.9755698442459106
cjpjhd5bn17nu0602l2thm0nv.jpg,bicycle,756.5027465820312,1235.9212646484375,901.1908569335938,1420.21240234375,0.028024394065141678,0.8257693648338318
cjpjhd5bn17nu0602l2thm0nv.jpg,bicycle,2879.8232421875,1544.01318359375,2975.857841491699,1681.3859405517578,0.02772684395313263,0.9900015592575073
cjpjhd5bn17nu0602l2thm0nv.jpg,bicycle,3233.386962890625,1580.6219482421875,3331.666145324707,1671.9707336425781,0.025214986875653267,0.9979376792907715
cjpjhd5bn17nu0602l2thm0nv.jpg,bicycle,3123.6787109375,1522.0738525390625,3283.6700744628906,1684.6112213134766,0.024502843618392944,0.9980593323707581
cjpjhd5bn17nu0602l2thm0nv.jpg,bicycle,3298.544189453125,1569.967529296875,3415.9621200561523,1658.2933731079102,0.021429549902677536,0.9957440495491028
cjpjhd5bn17nu0602l2thm0nv.jpg,bicycle,2412.35205078125,1640.4393310546875,2543.032455444336,1739.431495666504,0.013906746171414852,0.9685047268867493
cjpjhd5bn17nu0602l2thm0nv.jpg,bicycle,3082.187255859375,1552.2034912109375,3337.074020385742,1661.9374618530273,0.013796526938676834,0.9967650175094604
cjpjhd5bn17nu0602l2thm0nv.jpg,bicycle,3520.279296875,1567.612060546875,3644.6360931396484,1629.14253616333,0.011887237429618835,0.9925053119659424
cjpjhd5bn17nu0602l2thm0nv.jpg,bicycle,2645.492919921875,1520.6015625,2727.5191040039062,1613.895767211914,0.011163940653204918,0.9825224876403809
cjpjhd5bn17nu0602l2thm0nv.jpg,skateboard,3720.594970703125,965.6145629882812,3839.585922241211,1223.1261901855469,0.09042282402515411,0.4059123396873474
cjpjhd5bn17nu0602l2thm0nv.jpg,skateboard,1651.4771728515625,179.5183563232422,2611.2655029296875,480.40049743652344,0.030650420114398003,0.970280647277832
cjpjhd5bn17nu0602l2thm0nv.jpg,skateboard,2435.04248046875,137.612060546875,2656.8587036132812,326.85719299316406,0.020825102925300598,0.9987936019897461
cjpjhd5bn17nu0602l2thm0nv.jpg,wheelchair,1594.4869384765625,1743.182861328125,2473.922119140625,2517.5380859375,0.4638414978981018,0.9744840264320374
cjpjhd5bn17nu0602l2thm0nv.jpg,wheelchair,1430.4337158203125,1174.452392578125,1576.7803497314453,1442.8478088378906,0.343747079372406,0.8834627866744995
cjpjhd5bn17nu0602l2thm0nv.jpg,wheelchair,1697.513916015625,1625.9893798828125,2281.3992919921875,2580.6854248046875,0.07701288163661957,0.850821852684021
cjpjhd5bn17nu0602l2thm0nv.jpg,wheelchair,1678.99560546875,1777.2540283203125,2009.0333862304688,2420.318115234375,0.025081438943743706,0.966903805732727
cjpjhd5bn17nu0602l2thm0nv.jpg,wheelchair,1401.734619140625,1175.4617919921875,1534.8086395263672,1429.173568725586,0.02273421920835972,0.8942403197288513
cjpjhd5bn17nu0602l2thm0nv.jpg,wheelchair,2133.960205078125,1747.70556640625,2455.278045654297,2439.6638793945312,0.01980927586555481,0.8296307325363159
cjpjhd5bn17nu0602l2thm0nv.jpg,wheelchair,1604.1473388671875,1594.946533203125,1847.9069213867188,2309.1732788085938,0.01723739691078663,0.9930921792984009
cjpjhd5bn17nu0602l2thm0nv.jpg,wheelchair,1625.0499267578125,1854.4293212890625,2098.288848876953,2329.2184143066406,0.01705022342503071,0.9674851298332214
cjpjhd5bn17nu0602l2thm0nv.jpg,wheelchair,1801.85595703125,1802.6185302734375,2137.909423828125,2428.450439453125,0.01520966924726963,0.8972775936126709
cjpjhd5bn17nu0602l2thm0nv.jpg,wheelchair,1605.8509521484375,1738.9307861328125,2092.2266845703125,2180.6256713867188,0.014822544530034065,0.9756366610527039
cjpjhd5bn17nu0602l2thm0nv.jpg,wheelchair,1740.400634765625,2006.1412353515625,2240.060546875,2480.9353942871094,0.012312406674027443,0.9455503821372986
cjpjhd5bn17nu0602l2thm0nv.jpg,wheelchair,1374.8406982421875,597.6409912109375,2581.1165771484375,2512.0657958984375,0.010215871036052704,0.9881062507629395
cjpjhd5bn17nu0602l2thm0nv.jpg,wheelchair,1574.5831298828125,1538.1549072265625,2117.4754028320312,2407.0889282226562,0.01020849123597145,0.975000262260437
cjpjj792w2m3r0602nry0ozfm.jpg,bicycle,253.10987854003906,219.77833557128906,295.63922119140625,248.4664077758789,0.5678086280822754,0.9980629086494446
cjpjj792w2m3r0602nry0ozfm.jpg,bicycle,305.4749755859375,212.94590759277344,323.18639183044434,234.75494384765625,0.5535567402839661,0.9932236671447754
cjpjj792w2m3r0602nry0ozfm.jpg,bicycle,261.5991516113281,214.20697021484375,288.3720817565918,252.54615783691406,0.37988993525505066,0.9989728927612305
cjpjj792w2m3r0602nry0ozfm.jpg,bicycle,252.59092712402344,211.8897247314453,278.7545413970947,235.1568431854248,0.14976529777050018,0.9988768696784973
cjpjj792w2m3r0602nry0ozfm.jpg,bicycle,315.7976989746094,213.1544647216797,329.80686473846436,229.48709678649902,0.09187185019254684,0.9607611298561096
cjpjj792w2m3r0602nry0ozfm.jpg,bicycle,254.67352294921875,212.49607849121094,282.27906799316406,250.5889663696289,0.033902607858181,0.9988355040550232
cjpjj792w2m3r0602nry0ozfm.jpg,bicycle,291.7057189941406,214.87046813964844,316.30476570129395,234.8598575592041,0.010548766702413559,0.9945949912071228
cjpjjja7j2w6p0602trji8p46.jpg,mobility scooter,349.8634033203125,586.7659912109375,1991.4423828125,2921.7960205078125,0.7366624474525452,0.5881105065345764
cjpjjja7j2w6p0602trji8p46.jpg,mobility scooter,831.8430786132812,1158.836669921875,2083.7329711914062,2766.357177734375,0.013565556146204472,0.7261543869972229
cjpjjja7j2w6p0602trji8p46.jpg,wheelchair,214.53375244140625,665.3173828125,1908.1543579101562,2807.90673828125,0.3886928856372833,0.7310588359832764
cjpl6w3nv72cd0755w3qjlu6y.jpg,wheelchair,4080.075927734375,402.7624816894531,4164.800666809082,893.6615295410156,0.019546881318092346,0.9833975434303284
cjpl6w3nv72cd0755w3qjlu6y.jpg,wheelchair,3703.033935546875,-34.64310073852539,4176.379913330078,962.0204734802246,0.019064614549279213,0.9947315454483032
cjpl6w3nv72cd0755w3qjlu6y.jpg,bicycle,511.2608337402344,413.3380126953125,4193.796234130859,2313.349365234375,0.011413387954235077,0.8147701025009155
cjpl6w3nv72cd0755w3qjlu6y.jpg,mobility scooter,1689.6529541015625,-117.54989624023438,4206.1898193359375,2448.9518127441406,0.29953935742378235,0.7597581744194031
cjpl6w3nv72cd0755w3qjlu6y.jpg,mobility scooter,441.6775817871094,-95.33424377441406,3664.5501403808594,2450.980941772461,0.29705098271369934,0.9873918890953064
cjpl6w3nv72cd0755w3qjlu6y.jpg,mobility scooter,377.3261413574219,269.19671630859375,2545.642791748047,1999.1242065429688,0.1539076417684555,0.9782910346984863
cjpl6w3nv72cd0755w3qjlu6y.jpg,mobility scooter,1269.2989501953125,339.5155334472656,3576.3062744140625,2070.0433654785156,0.012097063474357128,0.9989356398582458
cjpnn1j88ia3d0795351pwbj8.jpg,wheelchair,415.2357482910156,460.0688781738281,574.4769592285156,684.8743133544922,0.02558133937418461,0.30446115136146545
cjpnn1j88ia3d0795351pwbj8.jpg,wheelchair,374.4311218261719,470.34185791015625,462.7067413330078,661.8642425537109,0.016915855929255486,0.5422830581665039
cjpnn1j88ia3d0795351pwbj8.jpg,scooter,232.69796752929688,458.1814880371094,344.24129486083984,679.4890289306641,0.8893749117851257,0.3841819763183594
cjpnn1j88ia3d0795351pwbj8.jpg,scooter,339.8453369140625,454.879638671875,488.64649963378906,630.8424072265625,0.023826392367482185,0.8558014631271362
cjpnxkditm4gw07950qtv2ruv.jpg,mobility scooter,1354.9520263671875,1164.8944091796875,2737.6632080078125,2069.5330810546875,0.9947726130485535,0.9998254179954529
cjpo1622wxx3c0873me3rzvqm.jpg,bicycle,2179.205078125,55.413848876953125,3144.5785522460938,2442.969024658203,0.3676314055919647,0.611488401889801
cjpo1622wxx3c0873me3rzvqm.jpg,bicycle,51.132484436035156,307.7128601074219,883.2181777954102,2133.2813415527344,0.026471301913261414,0.2788400948047638
cjpo1622wxx3c0873me3rzvqm.jpg,wheelchair,1151.47021484375,90.38929748535156,1597.7868041992188,568.4610443115234,0.32344818115234375,0.9986650943756104
cjpo1622wxx3c0873me3rzvqm.jpg,wheelchair,-1.670925259590149,55.4698371887207,904.2476538419724,2023.8268928527832,0.10177411884069443,0.7696692943572998
cjpo1622wxx3c0873me3rzvqm.jpg,scooter,1642.68505859375,1078.8931884765625,2327.9522094726562,2460.60009765625,0.27859967947006226,0.98356032371521
cjpo1622wxx3c0873me3rzvqm.jpg,scooter,-4.566277027130127,353.31103515625,1171.1431956291199,2135.194580078125,0.14976215362548828,0.8321214318275452
cjpo58djcysqv0873h7nms2r6.jpg,skateboard,3927.984375,1342.2628173828125,3976.5108489990234,1389.5603713989258,0.018582427874207497,0.7805081605911255
cjpo58djcysqv0873h7nms2r6.jpg,mobility scooter,1410.35205078125,1055.09228515625,3085.5872802734375,2674.18017578125,0.37469717860221863,0.9879112243652344
cjpo58djcysqv0873h7nms2r6.jpg,mobility scooter,1830.5814208984375,221.73294067382812,3280.6036376953125,2686.159942626953,0.016481077298521996,0.4965439736843109
cjpo58djcysqv0873h7nms2r6.jpg,scooter,2309.1220703125,-67.16874694824219,3475.5849609375,2513.829055786133,0.015401734970510006,0.8408799767494202
cjpo58djcysqv0873h7nms2r6.jpg,wheelchair,1634.8878173828125,217.39666748046875,2947.6304931640625,2189.2617797851562,0.5726447701454163,0.7275220155715942
cjpo58djcysqv0873h7nms2r6.jpg,wheelchair,-115.0123519897461,178.71505737304688,1078.106056213379,1659.6820983886719,0.32477882504463196,0.9999262094497681
cjpo58djcysqv0873h7nms2r6.jpg,wheelchair,7.919384956359863,900.7289428710938,459.452862739563,1946.4155883789062,0.150594562292099,0.9977286458015442
cjpo58djcysqv0873h7nms2r6.jpg,wheelchair,0.8287888765335083,988.677001953125,253.75838482379913,1876.5492553710938,0.12588456273078918,0.9946598410606384
cjpo58djcysqv0873h7nms2r6.jpg,wheelchair,194.74664306640625,685.3345947265625,1181.205078125,1569.4529418945312,0.027821216732263565,0.9994276165962219
cjpo58djcysqv0873h7nms2r6.jpg,wheelchair,23.91672134399414,1023.0205078125,934.2427711486816,1753.0264892578125,0.02495269849896431,0.9969627261161804
cjpo58djcysqv0873h7nms2r6.jpg,wheelchair,53.86661148071289,433.22607421875,1287.200107574463,1473.028076171875,0.018807971850037575,0.9998230338096619
cjpo58djcysqv0873h7nms2r6.jpg,wheelchair,1562.685791015625,561.8466796875,2565.8632202148438,1867.8966064453125,0.01589631848037243,0.9774703979492188
cjpo58djcysqv0873h7nms2r6.jpg,wheelchair,-57.225006103515625,145.74176025390625,2193.6394958496094,1756.1654663085938,0.014648196287453175,0.9993441700935364
cjpo7bl61z8vn0873xozomn28.jpg,wheelchair,993.5105590820312,345.79351806640625,1023.8652782440186,434.23868560791016,0.08744006603956223,0.9283331036567688
cjpo7bl61z8vn0873xozomn28.jpg,wheelchair,986.5037231445312,229.32376098632812,1026.0255088806152,497.201904296875,0.07717537134885788,0.6054109334945679
cjpo7bl61z8vn0873xozomn28.jpg,wheelchair,980.2160034179688,324.1222229003906,1021.6835517883301,429.81324768066406,0.011405928060412407,0.891531229019165
cjpo7bl61z8vn0873xozomn28.jpg,mobility scooter,0.31161734461784363,226.5833740234375,131.1887535750866,667.676025390625,0.3724214434623718,0.9991525411605835
cjpo7bl61z8vn0873xozomn28.jpg,mobility scooter,231.2936553955078,131.4497833251953,938.1302032470703,801.8443145751953,0.2130068838596344,0.7545050382614136
cjpo7bl61z8vn0873xozomn28.jpg,mobility scooter,783.8546142578125,99.9892578125,1034.0431823730469,688.16455078125,0.14634446799755096,0.9333541393280029
cjpo7bl61z8vn0873xozomn28.jpg,mobility scooter,890.4266967773438,148.54957580566406,1027.5641784667969,426.81263732910156,0.12478760629892349,0.958427369594574
cjpo7bl61z8vn0873xozomn28.jpg,mobility scooter,420.0323791503906,225.04653930664062,939.4053039550781,723.6769714355469,0.12335213273763657,0.9453150033950806
cjpo7bl61z8vn0873xozomn28.jpg,mobility scooter,987.9551391601562,175.83319091796875,1022.6755447387695,488.1739501953125,0.0692562386393547,0.9075774550437927
cjpo7bl61z8vn0873xozomn28.jpg,mobility scooter,845.726318359375,105.20849609375,1022.8761138916016,395.7938232421875,0.02026607282459736,0.898313045501709
cjpo7bl61z8vn0873xozomn28.jpg,mobility scooter,60.07653045654297,158.072265625,680.139518737793,770.379638671875,0.016479749232530594,0.7705408930778503
cjpo7bl61z8vn0873xozomn28.jpg,mobility scooter,665.5757446289062,57.26513671875,1009.8361206054688,737.0706176757812,0.011469835415482521,0.9842652082443237
cjpo7z9h1zfv10873hbuup5nk.jpg,skateboard,483.1628112792969,417.7913818359375,675.0073852539062,498.79371643066406,0.2575446665287018,0.998408854007721
cjpo7z9h1zfv10873hbuup5nk.jpg,wheelchair,-50.06973648071289,223.8418426513672,764.8736839294434,576.0470733642578,0.030089041218161583,0.8337023258209229
